Date,Terminal,TotalCranes,ActiveCranes,MovesPerHour,DowntimePct,TotalMovesDay,Month,Year
2023-01-01,Tanjong Pagar,18,14,26.2,0.054,7336,1,2023
2023-01-01,Keppel,24,23,34.7,0.085,15962,1,2023
2023-01-01,Brani,12,10,29.7,0.043,5940,1,2023
2023-01-01,Pasir Panjang T1-2,30,28,29.1,0.092,16296,1,2023
2023-01-01,Pasir Panjang T3-4,30,26,32.3,0.094,16796,1,2023
2023-01-01,Tuas,38,36,27.1,0.085,19512,1,2023
2023-01-02,Tanjong Pagar,18,14,27.5,0.056,7700,1,2023
2023-01-02,Keppel,24,22,35.7,0.102,15708,1,2023
2023-01-02,Brani,12,9,31.8,0.115,5724,1,2023
2023-01-02,Pasir Panjang T1-2,30,29,24.7,0.041,14326,1,2023
2023-01-02,Pasir Panjang T3-4,30,30,33.4,0.109,20040,1,2023
2023-01-02,Tuas,38,38,34.2,0.035,25992,1,2023
2023-01-03,Tanjong Pagar,18,14,26.4,0.052,7391,1,2023
2023-01-03,Keppel,24,20,25.0,0.059,10000,1,2023
2023-01-03,Brani,12,9,31.3,0.1,5634,1,2023
2023-01-03,Pasir Panjang T1-2,30,29,23.8,0.021,13804,1,2023
2023-01-03,Pasir Panjang T3-4,30,26,27.5,0.038,14300,1,2023
2023-01-03,Tuas,38,38,25.7,0.062,19532,1,2023
2023-01-04,Tanjong Pagar,18,14,28.3,0.085,7924,1,2023
2023-01-04,Keppel,24,23,23.7,0.087,10902,1,2023
2023-01-04,Brani,12,9,27.9,0.083,5022,1,2023
2023-01-04,Pasir Panjang T1-2,30,27,29.3,0.097,15822,1,2023
2023-01-04,Pasir Panjang T3-4,30,30,33.3,0.057,19979,1,2023
2023-01-04,Tuas,38,36,35.3,0.031,25416,1,2023
2023-01-05,Tanjong Pagar,18,15,35.3,0.104,10590,1,2023
2023-01-05,Keppel,24,20,33.0,0.083,13200,1,2023
2023-01-05,Brani,12,10,25.3,0.089,5060,1,2023
2023-01-05,Pasir Panjang T1-2,30,27,35.9,0.061,19386,1,2023
2023-01-05,Pasir Panjang T3-4,30,30,34.4,0.062,20640,1,2023
2023-01-05,Tuas,38,38,28.7,0.046,21812,1,2023
2023-01-06,Tanjong Pagar,18,16,32.1,0.109,10272,1,2023
2023-01-06,Keppel,24,20,24.1,0.044,9640,1,2023
2023-01-06,Brani,12,12,29.6,0.024,7104,1,2023
2023-01-06,Pasir Panjang T1-2,30,30,28.5,0.096,17100,1,2023
2023-01-06,Pasir Panjang T3-4,30,30,31.4,0.063,18840,1,2023
2023-01-06,Tuas,38,35,24.8,0.062,17360,1,2023
2023-01-07,Tanjong Pagar,18,17,24.1,0.083,8194,1,2023
2023-01-07,Keppel,24,20,33.7,0.023,13480,1,2023
2023-01-07,Brani,12,8,27.7,0.052,4432,1,2023
2023-01-07,Pasir Panjang T1-2,30,28,25.3,0.109,14168,1,2023
2023-01-07,Pasir Panjang T3-4,30,28,31.4,0.024,17584,1,2023
2023-01-07,Tuas,38,36,32.1,0.028,23112,1,2023
2023-01-08,Tanjong Pagar,18,15,31.5,0.03,9450,1,2023
2023-01-08,Keppel,24,23,24.9,0.075,11453,1,2023
2023-01-08,Brani,12,10,26.1,0.045,5220,1,2023
2023-01-08,Pasir Panjang T1-2,30,29,35.8,0.083,20763,1,2023
2023-01-08,Pasir Panjang T3-4,30,30,24.0,0.079,14400,1,2023
2023-01-08,Tuas,38,35,31.5,0.088,22050,1,2023
2023-01-09,Tanjong Pagar,18,16,27.8,0.066,8896,1,2023
2023-01-09,Keppel,24,21,25.8,0.088,10836,1,2023
2023-01-09,Brani,12,10,26.9,0.078,5380,1,2023
2023-01-09,Pasir Panjang T1-2,30,27,25.4,0.095,13716,1,2023
2023-01-09,Pasir Panjang T3-4,30,29,33.8,0.044,19604,1,2023
2023-01-09,Tuas,38,38,25.8,0.027,19608,1,2023
2023-01-10,Tanjong Pagar,18,15,29.2,0.112,8760,1,2023
2023-01-10,Keppel,24,20,30.9,0.086,12360,1,2023
2023-01-10,Brani,12,8,27.3,0.102,4368,1,2023
2023-01-10,Pasir Panjang T1-2,30,26,29.6,0.061,15392,1,2023
2023-01-10,Pasir Panjang T3-4,30,28,24.1,0.028,13496,1,2023
2023-01-10,Tuas,38,35,28.0,0.055,19600,1,2023
2023-01-11,Tanjong Pagar,18,15,34.0,0.117,10200,1,2023
2023-01-11,Keppel,24,21,26.2,0.056,11003,1,2023
2023-01-11,Brani,12,12,28.5,0.063,6840,1,2023
2023-01-11,Pasir Panjang T1-2,30,27,35.5,0.032,19170,1,2023
2023-01-11,Pasir Panjang T3-4,30,29,25.3,0.112,14674,1,2023
2023-01-11,Tuas,38,35,32.9,0.076,23030,1,2023
2023-01-12,Tanjong Pagar,18,18,35.0,0.079,12600,1,2023
2023-01-12,Keppel,24,20,35.7,0.089,14280,1,2023
2023-01-12,Brani,12,12,25.6,0.115,6144,1,2023
2023-01-12,Pasir Panjang T1-2,30,30,28.1,0.041,16860,1,2023
2023-01-12,Pasir Panjang T3-4,30,29,32.3,0.07,18734,1,2023
2023-01-12,Tuas,38,36,23.5,0.035,16920,1,2023
2023-01-13,Tanjong Pagar,18,18,28.6,0.045,10296,1,2023
2023-01-13,Keppel,24,22,23.5,0.03,10340,1,2023
2023-01-13,Brani,12,10,29.7,0.063,5940,1,2023
2023-01-13,Pasir Panjang T1-2,30,28,27.0,0.032,15120,1,2023
2023-01-13,Pasir Panjang T3-4,30,28,30.5,0.02,17080,1,2023
2023-01-13,Tuas,38,37,35.1,0.021,25974,1,2023
2023-01-14,Tanjong Pagar,18,14,32.8,0.086,9183,1,2023
2023-01-14,Keppel,24,24,32.1,0.077,15408,1,2023
2023-01-14,Brani,12,10,24.5,0.085,4900,1,2023
2023-01-14,Pasir Panjang T1-2,30,30,26.9,0.114,16140,1,2023
2023-01-14,Pasir Panjang T3-4,30,26,24.4,0.089,12688,1,2023
2023-01-14,Tuas,38,35,35.3,0.071,24710,1,2023
2023-01-15,Tanjong Pagar,18,16,25.8,0.118,8256,1,2023
2023-01-15,Keppel,24,20,29.6,0.036,11840,1,2023
2023-01-15,Brani,12,9,29.5,0.069,5310,1,2023
2023-01-15,Pasir Panjang T1-2,30,30,27.9,0.07,16740,1,2023
2023-01-15,Pasir Panjang T3-4,30,30,34.3,0.061,20580,1,2023
2023-01-15,Tuas,38,38,29.4,0.06,22344,1,2023
2023-01-16,Tanjong Pagar,18,14,30.3,0.034,8484,1,2023
2023-01-16,Keppel,24,22,35.9,0.104,15796,1,2023
2023-01-16,Brani,12,11,26.9,0.044,5918,1,2023
2023-01-16,Pasir Panjang T1-2,30,27,26.3,0.05,14202,1,2023
2023-01-16,Pasir Panjang T3-4,30,30,27.0,0.03,16200,1,2023
2023-01-16,Tuas,38,37,32.0,0.106,23680,1,2023
2023-01-17,Tanjong Pagar,18,14,33.1,0.053,9268,1,2023
2023-01-17,Keppel,24,21,28.7,0.059,12053,1,2023
2023-01-17,Brani,12,8,23.7,0.099,3792,1,2023
2023-01-17,Pasir Panjang T1-2,30,27,32.9,0.042,17766,1,2023
2023-01-17,Pasir Panjang T3-4,30,27,25.0,0.022,13500,1,2023
2023-01-17,Tuas,38,37,28.7,0.084,21237,1,2023
2023-01-18,Tanjong Pagar,18,16,33.1,0.062,10592,1,2023
2023-01-18,Keppel,24,21,32.3,0.106,13566,1,2023
2023-01-18,Brani,12,8,27.0,0.094,4320,1,2023
2023-01-18,Pasir Panjang T1-2,30,27,28.3,0.099,15282,1,2023
2023-01-18,Pasir Panjang T3-4,30,29,23.3,0.044,13514,1,2023
2023-01-18,Tuas,38,35,23.3,0.059,16310,1,2023
2023-01-19,Tanjong Pagar,18,17,28.9,0.073,9826,1,2023
2023-01-19,Keppel,24,24,35.8,0.028,17184,1,2023
2023-01-19,Brani,12,12,23.8,0.031,5712,1,2023
2023-01-19,Pasir Panjang T1-2,30,27,27.9,0.093,15066,1,2023
2023-01-19,Pasir Panjang T3-4,30,29,23.4,0.077,13571,1,2023
2023-01-19,Tuas,38,34,30.0,0.09,20400,1,2023
2023-01-20,Tanjong Pagar,18,15,29.8,0.078,8940,1,2023
2023-01-20,Keppel,24,20,34.3,0.043,13720,1,2023
2023-01-20,Brani,12,10,30.8,0.027,6160,1,2023
2023-01-20,Pasir Panjang T1-2,30,28,33.9,0.098,18984,1,2023
2023-01-20,Pasir Panjang T3-4,30,30,23.2,0.027,13920,1,2023
2023-01-20,Tuas,38,38,23.4,0.096,17784,1,2023
2023-01-21,Tanjong Pagar,18,18,27.4,0.081,9864,1,2023
2023-01-21,Keppel,24,22,23.7,0.093,10428,1,2023
2023-01-21,Brani,12,12,27.8,0.084,6672,1,2023
2023-01-21,Pasir Panjang T1-2,30,30,24.3,0.083,14580,1,2023
2023-01-21,Pasir Panjang T3-4,30,26,32.1,0.076,16692,1,2023
2023-01-21,Tuas,38,36,33.1,0.031,23832,1,2023
2023-01-22,Tanjong Pagar,18,14,26.9,0.084,7531,1,2023
2023-01-22,Keppel,24,24,26.1,0.079,12528,1,2023
2023-01-22,Brani,12,8,31.9,0.081,5104,1,2023
2023-01-22,Pasir Panjang T1-2,30,29,29.4,0.063,17052,1,2023
2023-01-22,Pasir Panjang T3-4,30,30,31.6,0.057,18960,1,2023
2023-01-22,Tuas,38,37,32.3,0.08,23902,1,2023
2023-01-23,Tanjong Pagar,18,18,31.6,0.066,11376,1,2023
2023-01-23,Keppel,24,23,32.2,0.096,14812,1,2023
2023-01-23,Brani,12,11,30.9,0.083,6798,1,2023
2023-01-23,Pasir Panjang T1-2,30,30,25.7,0.076,15420,1,2023
2023-01-23,Pasir Panjang T3-4,30,26,28.7,0.085,14923,1,2023
2023-01-23,Tuas,38,37,24.7,0.05,18278,1,2023
2023-01-24,Tanjong Pagar,18,14,35.1,0.071,9828,1,2023
2023-01-24,Keppel,24,23,24.5,0.059,11270,1,2023
2023-01-24,Brani,12,8,26.2,0.1,4192,1,2023
2023-01-24,Pasir Panjang T1-2,30,30,30.4,0.113,18240,1,2023
2023-01-24,Pasir Panjang T3-4,30,26,33.5,0.082,17420,1,2023
2023-01-24,Tuas,38,36,24.7,0.072,17784,1,2023
2023-01-25,Tanjong Pagar,18,14,34.0,0.114,9520,1,2023
2023-01-25,Keppel,24,22,32.3,0.062,14211,1,2023
2023-01-25,Brani,12,10,26.9,0.04,5380,1,2023
2023-01-25,Pasir Panjang T1-2,30,27,25.0,0.029,13500,1,2023
2023-01-25,Pasir Panjang T3-4,30,29,35.9,0.086,20822,1,2023
2023-01-25,Tuas,38,36,35.3,0.071,25416,1,2023
2023-01-26,Tanjong Pagar,18,18,25.5,0.021,9180,1,2023
2023-01-26,Keppel,24,23,24.2,0.056,11132,1,2023
2023-01-26,Brani,12,9,28.2,0.026,5076,1,2023
2023-01-26,Pasir Panjang T1-2,30,30,25.6,0.071,15360,1,2023
2023-01-26,Pasir Panjang T3-4,30,27,34.8,0.101,18792,1,2023
2023-01-26,Tuas,38,37,28.3,0.09,20942,1,2023
2023-01-27,Tanjong Pagar,18,14,30.7,0.093,8596,1,2023
2023-01-27,Keppel,24,22,24.6,0.052,10824,1,2023
2023-01-27,Brani,12,11,27.2,0.105,5984,1,2023
2023-01-27,Pasir Panjang T1-2,30,27,35.8,0.05,19332,1,2023
2023-01-27,Pasir Panjang T3-4,30,28,32.8,0.063,18367,1,2023
2023-01-27,Tuas,38,34,29.7,0.065,20196,1,2023
2023-01-28,Tanjong Pagar,18,14,32.9,0.11,9212,1,2023
2023-01-28,Keppel,24,20,29.6,0.071,11840,1,2023
2023-01-28,Brani,12,12,34.4,0.089,8256,1,2023
2023-01-28,Pasir Panjang T1-2,30,26,32.4,0.063,16848,1,2023
2023-01-28,Pasir Panjang T3-4,30,30,34.0,0.041,20400,1,2023
2023-01-28,Tuas,38,38,31.9,0.086,24244,1,2023
2023-01-29,Tanjong Pagar,18,17,25.0,0.074,8500,1,2023
2023-01-29,Keppel,24,23,29.3,0.034,13478,1,2023
2023-01-29,Brani,12,10,23.4,0.028,4680,1,2023
2023-01-29,Pasir Panjang T1-2,30,29,32.3,0.112,18734,1,2023
2023-01-29,Pasir Panjang T3-4,30,28,30.1,0.081,16856,1,2023
2023-01-29,Tuas,38,34,28.8,0.068,19584,1,2023
2023-01-30,Tanjong Pagar,18,14,33.9,0.111,9492,1,2023
2023-01-30,Keppel,24,22,24.0,0.031,10560,1,2023
2023-01-30,Brani,12,11,31.4,0.085,6908,1,2023
2023-01-30,Pasir Panjang T1-2,30,28,33.8,0.11,18927,1,2023
2023-01-30,Pasir Panjang T3-4,30,29,33.7,0.068,19546,1,2023
2023-01-30,Tuas,38,36,35.7,0.06,25704,1,2023
2023-01-31,Tanjong Pagar,18,18,32.9,0.032,11843,1,2023
2023-01-31,Keppel,24,21,34.4,0.1,14448,1,2023
2023-01-31,Brani,12,11,27.8,0.077,6116,1,2023
2023-01-31,Pasir Panjang T1-2,30,29,35.7,0.033,20706,1,2023
2023-01-31,Pasir Panjang T3-4,30,27,34.4,0.088,18576,1,2023
2023-01-31,Tuas,38,35,24.5,0.081,17150,1,2023
2023-02-01,Tanjong Pagar,18,18,34.6,0.089,12456,2,2023
2023-02-01,Keppel,24,21,29.7,0.065,12473,2,2023
2023-02-01,Brani,12,8,35.2,0.042,5632,2,2023
2023-02-01,Pasir Panjang T1-2,30,29,29.1,0.064,16878,2,2023
2023-02-01,Pasir Panjang T3-4,30,27,26.1,0.049,14094,2,2023
2023-02-01,Tuas,38,38,35.8,0.078,27207,2,2023
2023-02-02,Tanjong Pagar,18,16,35.1,0.033,11232,2,2023
2023-02-02,Keppel,24,24,34.7,0.101,16656,2,2023
2023-02-02,Brani,12,9,30.8,0.075,5544,2,2023
2023-02-02,Pasir Panjang T1-2,30,26,25.9,0.066,13468,2,2023
2023-02-02,Pasir Panjang T3-4,30,29,34.0,0.024,19720,2,2023
2023-02-02,Tuas,38,35,33.0,0.043,23100,2,2023
2023-02-03,Tanjong Pagar,18,18,34.4,0.11,12383,2,2023
2023-02-03,Keppel,24,23,28.2,0.03,12972,2,2023
2023-02-03,Brani,12,9,26.9,0.111,4842,2,2023
2023-02-03,Pasir Panjang T1-2,30,30,25.5,0.05,15300,2,2023
2023-02-03,Pasir Panjang T3-4,30,30,29.9,0.082,17940,2,2023
2023-02-03,Tuas,38,36,32.3,0.069,23256,2,2023
2023-02-04,Tanjong Pagar,18,14,31.5,0.026,8820,2,2023
2023-02-04,Keppel,24,24,35.3,0.029,16944,2,2023
2023-02-04,Brani,12,11,23.5,0.066,5170,2,2023
2023-02-04,Pasir Panjang T1-2,30,30,29.5,0.055,17700,2,2023
2023-02-04,Pasir Panjang T3-4,30,29,27.5,0.058,15950,2,2023
2023-02-04,Tuas,38,35,26.0,0.062,18200,2,2023
2023-02-05,Tanjong Pagar,18,18,26.8,0.111,9648,2,2023
2023-02-05,Keppel,24,23,34.0,0.112,15640,2,2023
2023-02-05,Brani,12,12,34.9,0.054,8376,2,2023
2023-02-05,Pasir Panjang T1-2,30,27,27.5,0.06,14850,2,2023
2023-02-05,Pasir Panjang T3-4,30,27,24.0,0.115,12960,2,2023
2023-02-05,Tuas,38,36,23.9,0.029,17208,2,2023
2023-02-06,Tanjong Pagar,18,17,26.5,0.062,9010,2,2023
2023-02-06,Keppel,24,22,29.4,0.062,12936,2,2023
2023-02-06,Brani,12,11,23.8,0.061,5236,2,2023
2023-02-06,Pasir Panjang T1-2,30,26,31.3,0.091,16276,2,2023
2023-02-06,Pasir Panjang T3-4,30,28,28.5,0.071,15960,2,2023
2023-02-06,Tuas,38,36,35.6,0.067,25632,2,2023
2023-02-07,Tanjong Pagar,18,17,35.6,0.05,12104,2,2023
2023-02-07,Keppel,24,24,27.7,0.094,13296,2,2023
2023-02-07,Brani,12,8,26.0,0.083,4160,2,2023
2023-02-07,Pasir Panjang T1-2,30,29,29.3,0.111,16994,2,2023
2023-02-07,Pasir Panjang T3-4,30,30,24.9,0.039,14940,2,2023
2023-02-07,Tuas,38,38,27.7,0.105,21052,2,2023
2023-02-08,Tanjong Pagar,18,16,31.6,0.107,10112,2,2023
2023-02-08,Keppel,24,24,28.1,0.048,13488,2,2023
2023-02-08,Brani,12,9,24.9,0.059,4482,2,2023
2023-02-08,Pasir Panjang T1-2,30,26,24.4,0.039,12688,2,2023
2023-02-08,Pasir Panjang T3-4,30,30,32.6,0.042,19560,2,2023
2023-02-08,Tuas,38,38,24.2,0.057,18392,2,2023
2023-02-09,Tanjong Pagar,18,15,23.3,0.102,6990,2,2023
2023-02-09,Keppel,24,20,35.3,0.07,14120,2,2023
2023-02-09,Brani,12,11,28.4,0.116,6248,2,2023
2023-02-09,Pasir Panjang T1-2,30,30,33.2,0.104,19920,2,2023
2023-02-09,Pasir Panjang T3-4,30,27,31.7,0.12,17118,2,2023
2023-02-09,Tuas,38,34,34.8,0.115,23663,2,2023
2023-02-10,Tanjong Pagar,18,18,28.3,0.039,10188,2,2023
2023-02-10,Keppel,24,24,26.3,0.074,12624,2,2023
2023-02-10,Brani,12,11,27.8,0.041,6116,2,2023
2023-02-10,Pasir Panjang T1-2,30,29,23.2,0.052,13456,2,2023
2023-02-10,Pasir Panjang T3-4,30,26,35.2,0.111,18304,2,2023
2023-02-10,Tuas,38,35,26.7,0.056,18690,2,2023
2023-02-11,Tanjong Pagar,18,17,27.4,0.059,9316,2,2023
2023-02-11,Keppel,24,21,25.9,0.025,10878,2,2023
2023-02-11,Brani,12,9,25.7,0.105,4626,2,2023
2023-02-11,Pasir Panjang T1-2,30,29,35.2,0.076,20416,2,2023
2023-02-11,Pasir Panjang T3-4,30,30,25.7,0.063,15420,2,2023
2023-02-11,Tuas,38,36,28.9,0.101,20807,2,2023
2023-02-12,Tanjong Pagar,18,17,27.2,0.119,9248,2,2023
2023-02-12,Keppel,24,21,30.1,0.093,12642,2,2023
2023-02-12,Brani,12,11,31.1,0.073,6842,2,2023
2023-02-12,Pasir Panjang T1-2,30,29,25.7,0.046,14906,2,2023
2023-02-12,Pasir Panjang T3-4,30,29,31.2,0.094,18096,2,2023
2023-02-12,Tuas,38,38,35.3,0.043,26827,2,2023
2023-02-13,Tanjong Pagar,18,16,26.8,0.043,8576,2,2023
2023-02-13,Keppel,24,24,25.1,0.092,12048,2,2023
2023-02-13,Brani,12,9,35.4,0.042,6371,2,2023
2023-02-13,Pasir Panjang T1-2,30,28,27.4,0.039,15343,2,2023
2023-02-13,Pasir Panjang T3-4,30,30,28.0,0.022,16800,2,2023
2023-02-13,Tuas,38,35,26.8,0.105,18760,2,2023
2023-02-14,Tanjong Pagar,18,14,32.7,0.034,9156,2,2023
2023-02-14,Keppel,24,20,31.9,0.037,12760,2,2023
2023-02-14,Brani,12,10,25.9,0.022,5180,2,2023
2023-02-14,Pasir Panjang T1-2,30,29,28.3,0.033,16414,2,2023
2023-02-14,Pasir Panjang T3-4,30,27,31.6,0.078,17064,2,2023
2023-02-14,Tuas,38,34,32.6,0.028,22168,2,2023
2023-02-15,Tanjong Pagar,18,15,30.8,0.103,9240,2,2023
2023-02-15,Keppel,24,21,28.2,0.067,11843,2,2023
2023-02-15,Brani,12,10,32.6,0.028,6520,2,2023
2023-02-15,Pasir Panjang T1-2,30,27,34.5,0.112,18630,2,2023
2023-02-15,Pasir Panjang T3-4,30,29,32.8,0.068,19024,2,2023
2023-02-15,Tuas,38,35,28.1,0.038,19670,2,2023
2023-02-16,Tanjong Pagar,18,18,32.7,0.104,11772,2,2023
2023-02-16,Keppel,24,24,30.0,0.073,14400,2,2023
2023-02-16,Brani,12,8,28.5,0.118,4560,2,2023
2023-02-16,Pasir Panjang T1-2,30,30,31.9,0.075,19140,2,2023
2023-02-16,Pasir Panjang T3-4,30,26,25.9,0.024,13468,2,2023
2023-02-16,Tuas,38,38,28.2,0.036,21432,2,2023
2023-02-17,Tanjong Pagar,18,14,23.6,0.107,6608,2,2023
2023-02-17,Keppel,24,20,28.8,0.05,11520,2,2023
2023-02-17,Brani,12,10,26.6,0.022,5320,2,2023
2023-02-17,Pasir Panjang T1-2,30,30,32.1,0.037,19260,2,2023
2023-02-17,Pasir Panjang T3-4,30,29,33.1,0.03,19198,2,2023
2023-02-17,Tuas,38,38,34.5,0.043,26220,2,2023
2023-02-18,Tanjong Pagar,18,14,25.4,0.043,7111,2,2023
2023-02-18,Keppel,24,20,27.9,0.046,11160,2,2023
2023-02-18,Brani,12,9,28.0,0.065,5040,2,2023
2023-02-18,Pasir Panjang T1-2,30,29,31.8,0.075,18444,2,2023
2023-02-18,Pasir Panjang T3-4,30,30,34.4,0.026,20640,2,2023
2023-02-18,Tuas,38,35,30.3,0.06,21210,2,2023
2023-02-19,Tanjong Pagar,18,16,35.9,0.079,11488,2,2023
2023-02-19,Keppel,24,23,28.5,0.07,13110,2,2023
2023-02-19,Brani,12,10,32.5,0.021,6500,2,2023
2023-02-19,Pasir Panjang T1-2,30,28,33.7,0.069,18872,2,2023
2023-02-19,Pasir Panjang T3-4,30,26,33.8,0.023,17576,2,2023
2023-02-19,Tuas,38,36,35.0,0.026,25200,2,2023
2023-02-20,Tanjong Pagar,18,15,34.9,0.11,10470,2,2023
2023-02-20,Keppel,24,22,27.1,0.027,11924,2,2023
2023-02-20,Brani,12,10,32.5,0.111,6500,2,2023
2023-02-20,Pasir Panjang T1-2,30,29,23.5,0.049,13630,2,2023
2023-02-20,Pasir Panjang T3-4,30,26,33.4,0.078,17368,2,2023
2023-02-20,Tuas,38,37,23.8,0.079,17612,2,2023
2023-02-21,Tanjong Pagar,18,16,23.3,0.041,7456,2,2023
2023-02-21,Keppel,24,24,34.0,0.043,16320,2,2023
2023-02-21,Brani,12,12,32.3,0.097,7751,2,2023
2023-02-21,Pasir Panjang T1-2,30,26,28.2,0.092,14663,2,2023
2023-02-21,Pasir Panjang T3-4,30,30,26.2,0.062,15720,2,2023
2023-02-21,Tuas,38,36,30.9,0.105,22247,2,2023
2023-02-22,Tanjong Pagar,18,18,24.7,0.107,8892,2,2023
2023-02-22,Keppel,24,21,35.4,0.025,14868,2,2023
2023-02-22,Brani,12,11,32.6,0.112,7172,2,2023
2023-02-22,Pasir Panjang T1-2,30,30,23.3,0.114,13980,2,2023
2023-02-22,Pasir Panjang T3-4,30,28,24.0,0.106,13440,2,2023
2023-02-22,Tuas,38,34,33.3,0.065,22643,2,2023
2023-02-23,Tanjong Pagar,18,14,34.5,0.021,9660,2,2023
2023-02-23,Keppel,24,24,23.8,0.079,11424,2,2023
2023-02-23,Brani,12,8,31.3,0.054,5008,2,2023
2023-02-23,Pasir Panjang T1-2,30,26,29.5,0.112,15340,2,2023
2023-02-23,Pasir Panjang T3-4,30,26,27.7,0.11,14403,2,2023
2023-02-23,Tuas,38,37,29.3,0.058,21682,2,2023
2023-02-24,Tanjong Pagar,18,18,23.3,0.075,8388,2,2023
2023-02-24,Keppel,24,24,35.2,0.113,16896,2,2023
2023-02-24,Brani,12,9,33.6,0.057,6048,2,2023
2023-02-24,Pasir Panjang T1-2,30,26,33.0,0.02,17160,2,2023
2023-02-24,Pasir Panjang T3-4,30,30,25.7,0.078,15420,2,2023
2023-02-24,Tuas,38,34,35.2,0.101,23936,2,2023
2023-02-25,Tanjong Pagar,18,17,25.4,0.109,8636,2,2023
2023-02-25,Keppel,24,20,32.6,0.078,13040,2,2023
2023-02-25,Brani,12,12,24.9,0.077,5975,2,2023
2023-02-25,Pasir Panjang T1-2,30,26,34.0,0.085,17680,2,2023
2023-02-25,Pasir Panjang T3-4,30,30,34.9,0.025,20940,2,2023
2023-02-25,Tuas,38,36,24.8,0.043,17856,2,2023
2023-02-26,Tanjong Pagar,18,14,28.8,0.059,8064,2,2023
2023-02-26,Keppel,24,20,24.8,0.026,9920,2,2023
2023-02-26,Brani,12,9,28.9,0.092,5201,2,2023
2023-02-26,Pasir Panjang T1-2,30,26,24.9,0.094,12948,2,2023
2023-02-26,Pasir Panjang T3-4,30,26,30.5,0.052,15860,2,2023
2023-02-26,Tuas,38,34,24.5,0.095,16660,2,2023
2023-02-27,Tanjong Pagar,18,18,29.3,0.067,10548,2,2023
2023-02-27,Keppel,24,22,26.1,0.058,11484,2,2023
2023-02-27,Brani,12,11,23.2,0.119,5104,2,2023
2023-02-27,Pasir Panjang T1-2,30,28,24.1,0.114,13496,2,2023
2023-02-27,Pasir Panjang T3-4,30,30,35.6,0.111,21360,2,2023
2023-02-27,Tuas,38,38,31.2,0.049,23712,2,2023
2023-02-28,Tanjong Pagar,18,16,34.1,0.04,10912,2,2023
2023-02-28,Keppel,24,21,24.4,0.034,10248,2,2023
2023-02-28,Brani,12,10,29.1,0.113,5820,2,2023
2023-02-28,Pasir Panjang T1-2,30,30,30.7,0.063,18420,2,2023
2023-02-28,Pasir Panjang T3-4,30,26,27.4,0.053,14248,2,2023
2023-02-28,Tuas,38,35,26.6,0.035,18620,2,2023
2023-03-01,Tanjong Pagar,18,16,30.1,0.09,9632,3,2023
2023-03-01,Keppel,24,20,23.3,0.056,9320,3,2023
2023-03-01,Brani,12,9,30.6,0.089,5508,3,2023
2023-03-01,Pasir Panjang T1-2,30,27,32.4,0.075,17496,3,2023
2023-03-01,Pasir Panjang T3-4,30,28,35.2,0.049,19712,3,2023
2023-03-01,Tuas,38,35,28.7,0.085,20090,3,2023
2023-03-02,Tanjong Pagar,18,17,29.8,0.045,10132,3,2023
2023-03-02,Keppel,24,23,35.3,0.055,16238,3,2023
2023-03-02,Brani,12,9,28.3,0.038,5094,3,2023
2023-03-02,Pasir Panjang T1-2,30,29,25.6,0.048,14848,3,2023
2023-03-02,Pasir Panjang T3-4,30,29,31.4,0.109,18212,3,2023
2023-03-02,Tuas,38,34,31.1,0.098,21148,3,2023
2023-03-03,Tanjong Pagar,18,17,26.7,0.04,9078,3,2023
2023-03-03,Keppel,24,22,31.2,0.022,13728,3,2023
2023-03-03,Brani,12,10,33.2,0.1,6640,3,2023
2023-03-03,Pasir Panjang T1-2,30,26,32.0,0.045,16640,3,2023
2023-03-03,Pasir Panjang T3-4,30,30,24.8,0.081,14880,3,2023
2023-03-03,Tuas,38,36,30.0,0.107,21600,3,2023
2023-03-04,Tanjong Pagar,18,14,26.5,0.027,7420,3,2023
2023-03-04,Keppel,24,23,29.2,0.09,13432,3,2023
2023-03-04,Brani,12,11,35.9,0.079,7898,3,2023
2023-03-04,Pasir Panjang T1-2,30,27,35.2,0.109,19008,3,2023
2023-03-04,Pasir Panjang T3-4,30,30,34.8,0.069,20880,3,2023
2023-03-04,Tuas,38,36,33.4,0.073,24047,3,2023
2023-03-05,Tanjong Pagar,18,15,32.1,0.055,9630,3,2023
2023-03-05,Keppel,24,24,27.0,0.097,12960,3,2023
2023-03-05,Brani,12,12,28.1,0.106,6744,3,2023
2023-03-05,Pasir Panjang T1-2,30,30,30.5,0.11,18300,3,2023
2023-03-05,Pasir Panjang T3-4,30,28,33.5,0.032,18760,3,2023
2023-03-05,Tuas,38,38,29.6,0.113,22496,3,2023
2023-03-06,Tanjong Pagar,18,16,24.3,0.081,7776,3,2023
2023-03-06,Keppel,24,22,35.1,0.067,15444,3,2023
2023-03-06,Brani,12,8,23.2,0.083,3712,3,2023
2023-03-06,Pasir Panjang T1-2,30,30,35.7,0.033,21420,3,2023
2023-03-06,Pasir Panjang T3-4,30,26,24.3,0.062,12636,3,2023
2023-03-06,Tuas,38,36,32.6,0.106,23472,3,2023
2023-03-07,Tanjong Pagar,18,16,33.2,0.106,10624,3,2023
2023-03-07,Keppel,24,24,29.1,0.1,13968,3,2023
2023-03-07,Brani,12,8,30.6,0.023,4896,3,2023
2023-03-07,Pasir Panjang T1-2,30,29,26.6,0.07,15428,3,2023
2023-03-07,Pasir Panjang T3-4,30,27,24.1,0.055,13014,3,2023
2023-03-07,Tuas,38,37,27.4,0.034,20276,3,2023
2023-03-08,Tanjong Pagar,18,18,32.7,0.12,11772,3,2023
2023-03-08,Keppel,24,22,33.7,0.105,14828,3,2023
2023-03-08,Brani,12,11,33.5,0.087,7370,3,2023
2023-03-08,Pasir Panjang T1-2,30,27,27.3,0.06,14742,3,2023
2023-03-08,Pasir Panjang T3-4,30,28,25.7,0.094,14392,3,2023
2023-03-08,Tuas,38,37,29.8,0.037,22052,3,2023
2023-03-09,Tanjong Pagar,18,17,31.2,0.074,10608,3,2023
2023-03-09,Keppel,24,22,23.1,0.102,10164,3,2023
2023-03-09,Brani,12,9,26.9,0.079,4842,3,2023
2023-03-09,Pasir Panjang T1-2,30,29,31.5,0.042,18270,3,2023
2023-03-09,Pasir Panjang T3-4,30,28,24.6,0.084,13776,3,2023
2023-03-09,Tuas,38,36,34.2,0.029,24624,3,2023
2023-03-10,Tanjong Pagar,18,14,25.1,0.067,7028,3,2023
2023-03-10,Keppel,24,24,27.1,0.035,13008,3,2023
2023-03-10,Brani,12,8,27.9,0.117,4464,3,2023
2023-03-10,Pasir Panjang T1-2,30,27,30.5,0.049,16470,3,2023
2023-03-10,Pasir Panjang T3-4,30,28,32.4,0.115,18144,3,2023
2023-03-10,Tuas,38,34,23.5,0.118,15980,3,2023
2023-03-11,Tanjong Pagar,18,15,29.0,0.096,8700,3,2023
2023-03-11,Keppel,24,20,35.7,0.028,14280,3,2023
2023-03-11,Brani,12,10,27.7,0.109,5540,3,2023
2023-03-11,Pasir Panjang T1-2,30,30,35.8,0.066,21480,3,2023
2023-03-11,Pasir Panjang T3-4,30,30,29.6,0.056,17760,3,2023
2023-03-11,Tuas,38,38,28.0,0.036,21280,3,2023
2023-03-12,Tanjong Pagar,18,14,28.4,0.072,7951,3,2023
2023-03-12,Keppel,24,23,35.7,0.078,16422,3,2023
2023-03-12,Brani,12,8,30.1,0.088,4816,3,2023
2023-03-12,Pasir Panjang T1-2,30,27,31.9,0.051,17226,3,2023
2023-03-12,Pasir Panjang T3-4,30,30,30.9,0.105,18540,3,2023
2023-03-12,Tuas,38,35,24.2,0.058,16940,3,2023
2023-03-13,Tanjong Pagar,18,17,30.9,0.099,10506,3,2023
2023-03-13,Keppel,24,21,31.5,0.041,13230,3,2023
2023-03-13,Brani,12,11,33.0,0.057,7260,3,2023
2023-03-13,Pasir Panjang T1-2,30,29,30.1,0.033,17458,3,2023
2023-03-13,Pasir Panjang T3-4,30,28,31.5,0.076,17640,3,2023
2023-03-13,Tuas,38,35,35.8,0.061,25060,3,2023
2023-03-14,Tanjong Pagar,18,15,35.9,0.062,10770,3,2023
2023-03-14,Keppel,24,23,24.6,0.117,11316,3,2023
2023-03-14,Brani,12,9,29.6,0.036,5328,3,2023
2023-03-14,Pasir Panjang T1-2,30,26,35.8,0.023,18616,3,2023
2023-03-14,Pasir Panjang T3-4,30,28,27.4,0.106,15343,3,2023
2023-03-14,Tuas,38,34,23.6,0.021,16048,3,2023
2023-03-15,Tanjong Pagar,18,15,29.9,0.08,8970,3,2023
2023-03-15,Keppel,24,20,28.3,0.078,11320,3,2023
2023-03-15,Brani,12,11,24.7,0.092,5434,3,2023
2023-03-15,Pasir Panjang T1-2,30,26,29.5,0.111,15340,3,2023
2023-03-15,Pasir Panjang T3-4,30,29,30.9,0.044,17922,3,2023
2023-03-15,Tuas,38,36,34.3,0.107,24696,3,2023
2023-03-16,Tanjong Pagar,18,17,30.7,0.107,10438,3,2023
2023-03-16,Keppel,24,20,33.3,0.054,13320,3,2023
2023-03-16,Brani,12,11,26.8,0.103,5896,3,2023
2023-03-16,Pasir Panjang T1-2,30,27,26.9,0.097,14526,3,2023
2023-03-16,Pasir Panjang T3-4,30,30,32.0,0.049,19200,3,2023
2023-03-16,Tuas,38,38,27.9,0.108,21204,3,2023
2023-03-17,Tanjong Pagar,18,17,30.3,0.07,10302,3,2023
2023-03-17,Keppel,24,24,30.3,0.078,14544,3,2023
2023-03-17,Brani,12,11,26.0,0.092,5720,3,2023
2023-03-17,Pasir Panjang T1-2,30,28,32.1,0.027,17976,3,2023
2023-03-17,Pasir Panjang T3-4,30,28,29.6,0.081,16576,3,2023
2023-03-17,Tuas,38,34,34.5,0.043,23460,3,2023
2023-03-18,Tanjong Pagar,18,16,27.0,0.118,8640,3,2023
2023-03-18,Keppel,24,22,31.6,0.078,13904,3,2023
2023-03-18,Brani,12,9,32.0,0.057,5760,3,2023
2023-03-18,Pasir Panjang T1-2,30,26,31.3,0.028,16276,3,2023
2023-03-18,Pasir Panjang T3-4,30,28,25.5,0.115,14280,3,2023
2023-03-18,Tuas,38,36,24.8,0.045,17856,3,2023
2023-03-19,Tanjong Pagar,18,18,29.2,0.109,10512,3,2023
2023-03-19,Keppel,24,22,34.1,0.04,15004,3,2023
2023-03-19,Brani,12,11,34.2,0.072,7524,3,2023
2023-03-19,Pasir Panjang T1-2,30,28,26.9,0.067,15063,3,2023
2023-03-19,Pasir Panjang T3-4,30,27,29.2,0.073,15768,3,2023
2023-03-19,Tuas,38,34,25.7,0.055,17476,3,2023
2023-03-20,Tanjong Pagar,18,17,35.5,0.025,12070,3,2023
2023-03-20,Keppel,24,21,32.9,0.041,13818,3,2023
2023-03-20,Brani,12,11,32.0,0.106,7040,3,2023
2023-03-20,Pasir Panjang T1-2,30,27,23.3,0.032,12582,3,2023
2023-03-20,Pasir Panjang T3-4,30,26,29.5,0.117,15340,3,2023
2023-03-20,Tuas,38,35,30.1,0.077,21070,3,2023
2023-03-21,Tanjong Pagar,18,17,29.9,0.046,10166,3,2023
2023-03-21,Keppel,24,24,25.7,0.069,12336,3,2023
2023-03-21,Brani,12,11,26.3,0.062,5786,3,2023
2023-03-21,Pasir Panjang T1-2,30,27,26.9,0.071,14526,3,2023
2023-03-21,Pasir Panjang T3-4,30,27,28.9,0.039,15606,3,2023
2023-03-21,Tuas,38,38,28.6,0.088,21736,3,2023
2023-03-22,Tanjong Pagar,18,15,31.3,0.078,9390,3,2023
2023-03-22,Keppel,24,24,29.0,0.076,13920,3,2023
2023-03-22,Brani,12,8,27.0,0.093,4320,3,2023
2023-03-22,Pasir Panjang T1-2,30,30,32.4,0.092,19440,3,2023
2023-03-22,Pasir Panjang T3-4,30,29,24.6,0.113,14268,3,2023
2023-03-22,Tuas,38,36,35.8,0.109,25776,3,2023
2023-03-23,Tanjong Pagar,18,18,34.3,0.043,12348,3,2023
2023-03-23,Keppel,24,24,25.1,0.03,12048,3,2023
2023-03-23,Brani,12,11,32.7,0.05,7194,3,2023
2023-03-23,Pasir Panjang T1-2,30,26,27.3,0.095,14196,3,2023
2023-03-23,Pasir Panjang T3-4,30,26,30.6,0.085,15912,3,2023
2023-03-23,Tuas,38,34,27.3,0.068,18564,3,2023
2023-03-24,Tanjong Pagar,18,18,31.1,0.073,11196,3,2023
2023-03-24,Keppel,24,22,27.8,0.109,12232,3,2023
2023-03-24,Brani,12,10,31.0,0.068,6200,3,2023
2023-03-24,Pasir Panjang T1-2,30,29,29.2,0.066,16936,3,2023
2023-03-24,Pasir Panjang T3-4,30,29,33.2,0.046,19256,3,2023
2023-03-24,Tuas,38,37,31.8,0.084,23532,3,2023
2023-03-25,Tanjong Pagar,18,16,24.5,0.079,7840,3,2023
2023-03-25,Keppel,24,22,23.5,0.116,10340,3,2023
2023-03-25,Brani,12,8,25.9,0.092,4144,3,2023
2023-03-25,Pasir Panjang T1-2,30,29,30.5,0.078,17690,3,2023
2023-03-25,Pasir Panjang T3-4,30,28,33.1,0.093,18536,3,2023
2023-03-25,Tuas,38,36,28.3,0.092,20376,3,2023
2023-03-26,Tanjong Pagar,18,17,29.5,0.041,10030,3,2023
2023-03-26,Keppel,24,21,25.4,0.028,10668,3,2023
2023-03-26,Brani,12,12,34.0,0.075,8160,3,2023
2023-03-26,Pasir Panjang T1-2,30,29,28.2,0.08,16356,3,2023
2023-03-26,Pasir Panjang T3-4,30,30,31.1,0.108,18660,3,2023
2023-03-26,Tuas,38,38,24.5,0.029,18620,3,2023
2023-03-27,Tanjong Pagar,18,18,31.5,0.056,11340,3,2023
2023-03-27,Keppel,24,20,23.9,0.1,9560,3,2023
2023-03-27,Brani,12,8,27.5,0.082,4400,3,2023
2023-03-27,Pasir Panjang T1-2,30,30,34.4,0.104,20640,3,2023
2023-03-27,Pasir Panjang T3-4,30,30,25.4,0.057,15240,3,2023
2023-03-27,Tuas,38,37,23.9,0.063,17686,3,2023
2023-03-28,Tanjong Pagar,18,16,33.5,0.032,10720,3,2023
2023-03-28,Keppel,24,22,24.5,0.055,10780,3,2023
2023-03-28,Brani,12,11,34.6,0.097,7612,3,2023
2023-03-28,Pasir Panjang T1-2,30,27,28.0,0.024,15120,3,2023
2023-03-28,Pasir Panjang T3-4,30,26,35.6,0.059,18512,3,2023
2023-03-28,Tuas,38,35,23.1,0.053,16170,3,2023
2023-03-29,Tanjong Pagar,18,17,35.7,0.08,12138,3,2023
2023-03-29,Keppel,24,22,35.0,0.02,15400,3,2023
2023-03-29,Brani,12,11,35.8,0.075,7875,3,2023
2023-03-29,Pasir Panjang T1-2,30,28,25.1,0.068,14056,3,2023
2023-03-29,Pasir Panjang T3-4,30,28,29.5,0.063,16520,3,2023
2023-03-29,Tuas,38,34,34.6,0.074,23528,3,2023
2023-03-30,Tanjong Pagar,18,18,27.0,0.052,9720,3,2023
2023-03-30,Keppel,24,22,34.9,0.061,15356,3,2023
2023-03-30,Brani,12,10,28.5,0.09,5700,3,2023
2023-03-30,Pasir Panjang T1-2,30,30,35.0,0.108,21000,3,2023
2023-03-30,Pasir Panjang T3-4,30,30,30.3,0.021,18180,3,2023
2023-03-30,Tuas,38,37,34.4,0.034,25456,3,2023
2023-03-31,Tanjong Pagar,18,14,32.5,0.07,9100,3,2023
2023-03-31,Keppel,24,21,23.3,0.031,9786,3,2023
2023-03-31,Brani,12,9,29.7,0.079,5346,3,2023
2023-03-31,Pasir Panjang T1-2,30,29,24.2,0.035,14036,3,2023
2023-03-31,Pasir Panjang T3-4,30,26,23.8,0.081,12376,3,2023
2023-03-31,Tuas,38,35,23.2,0.088,16240,3,2023
2023-04-01,Tanjong Pagar,18,14,30.1,0.049,8428,4,2023
2023-04-01,Keppel,24,21,25.3,0.103,10626,4,2023
2023-04-01,Brani,12,9,31.9,0.059,5741,4,2023
2023-04-01,Pasir Panjang T1-2,30,28,23.6,0.113,13216,4,2023
2023-04-01,Pasir Panjang T3-4,30,27,23.9,0.112,12906,4,2023
2023-04-01,Tuas,38,36,33.3,0.09,23976,4,2023
2023-04-02,Tanjong Pagar,18,16,29.0,0.112,9280,4,2023
2023-04-02,Keppel,24,23,28.2,0.094,12972,4,2023
2023-04-02,Brani,12,9,30.8,0.067,5544,4,2023
2023-04-02,Pasir Panjang T1-2,30,30,24.8,0.087,14880,4,2023
2023-04-02,Pasir Panjang T3-4,30,27,35.9,0.114,19386,4,2023
2023-04-02,Tuas,38,35,26.5,0.077,18550,4,2023
2023-04-03,Tanjong Pagar,18,14,31.6,0.117,8848,4,2023
2023-04-03,Keppel,24,21,23.9,0.049,10038,4,2023
2023-04-03,Brani,12,8,24.2,0.082,3872,4,2023
2023-04-03,Pasir Panjang T1-2,30,29,33.6,0.068,19488,4,2023
2023-04-03,Pasir Panjang T3-4,30,29,27.6,0.036,16008,4,2023
2023-04-03,Tuas,38,34,34.5,0.076,23460,4,2023
2023-04-04,Tanjong Pagar,18,18,30.2,0.117,10872,4,2023
2023-04-04,Keppel,24,23,35.5,0.068,16330,4,2023
2023-04-04,Brani,12,11,32.5,0.088,7150,4,2023
2023-04-04,Pasir Panjang T1-2,30,26,29.5,0.037,15340,4,2023
2023-04-04,Pasir Panjang T3-4,30,28,24.4,0.044,13663,4,2023
2023-04-04,Tuas,38,38,30.9,0.067,23484,4,2023
2023-04-05,Tanjong Pagar,18,17,33.9,0.034,11526,4,2023
2023-04-05,Keppel,24,24,30.3,0.026,14544,4,2023
2023-04-05,Brani,12,8,27.0,0.1,4320,4,2023
2023-04-05,Pasir Panjang T1-2,30,29,30.6,0.082,17748,4,2023
2023-04-05,Pasir Panjang T3-4,30,29,25.5,0.074,14790,4,2023
2023-04-05,Tuas,38,38,23.5,0.095,17860,4,2023
2023-04-06,Tanjong Pagar,18,14,24.8,0.05,6944,4,2023
2023-04-06,Keppel,24,21,34.5,0.034,14490,4,2023
2023-04-06,Brani,12,10,31.4,0.072,6280,4,2023
2023-04-06,Pasir Panjang T1-2,30,26,29.7,0.02,15443,4,2023
2023-04-06,Pasir Panjang T3-4,30,26,30.1,0.056,15652,4,2023
2023-04-06,Tuas,38,36,34.2,0.021,24624,4,2023
2023-04-07,Tanjong Pagar,18,14,28.3,0.03,7924,4,2023
2023-04-07,Keppel,24,24,28.6,0.063,13728,4,2023
2023-04-07,Brani,12,9,31.9,0.092,5741,4,2023
2023-04-07,Pasir Panjang T1-2,30,27,34.7,0.104,18738,4,2023
2023-04-07,Pasir Panjang T3-4,30,27,29.8,0.04,16092,4,2023
2023-04-07,Tuas,38,38,29.4,0.025,22344,4,2023
2023-04-08,Tanjong Pagar,18,17,30.9,0.108,10506,4,2023
2023-04-08,Keppel,24,24,25.2,0.035,12096,4,2023
2023-04-08,Brani,12,11,29.7,0.095,6534,4,2023
2023-04-08,Pasir Panjang T1-2,30,26,34.7,0.062,18044,4,2023
2023-04-08,Pasir Panjang T3-4,30,27,25.9,0.046,13986,4,2023
2023-04-08,Tuas,38,36,29.4,0.114,21167,4,2023
2023-04-09,Tanjong Pagar,18,16,23.1,0.07,7392,4,2023
2023-04-09,Keppel,24,21,29.8,0.03,12516,4,2023
2023-04-09,Brani,12,10,25.8,0.08,5160,4,2023
2023-04-09,Pasir Panjang T1-2,30,27,34.3,0.088,18522,4,2023
2023-04-09,Pasir Panjang T3-4,30,26,33.1,0.021,17212,4,2023
2023-04-09,Tuas,38,37,29.5,0.049,21830,4,2023
2023-04-10,Tanjong Pagar,18,17,33.6,0.041,11424,4,2023
2023-04-10,Keppel,24,23,35.1,0.11,16146,4,2023
2023-04-10,Brani,12,12,34.7,0.022,8328,4,2023
2023-04-10,Pasir Panjang T1-2,30,29,26.7,0.029,15486,4,2023
2023-04-10,Pasir Panjang T3-4,30,30,28.2,0.113,16920,4,2023
2023-04-10,Tuas,38,38,30.5,0.106,23180,4,2023
2023-04-11,Tanjong Pagar,18,14,24.5,0.032,6860,4,2023
2023-04-11,Keppel,24,21,32.7,0.063,13734,4,2023
2023-04-11,Brani,12,9,32.4,0.046,5831,4,2023
2023-04-11,Pasir Panjang T1-2,30,27,34.2,0.028,18468,4,2023
2023-04-11,Pasir Panjang T3-4,30,30,26.7,0.111,16020,4,2023
2023-04-11,Tuas,38,35,29.0,0.082,20300,4,2023
2023-04-12,Tanjong Pagar,18,17,32.5,0.061,11050,4,2023
2023-04-12,Keppel,24,24,28.6,0.11,13728,4,2023
2023-04-12,Brani,12,11,24.2,0.095,5324,4,2023
2023-04-12,Pasir Panjang T1-2,30,29,25.4,0.101,14731,4,2023
2023-04-12,Pasir Panjang T3-4,30,27,31.9,0.082,17226,4,2023
2023-04-12,Tuas,38,36,27.2,0.11,19584,4,2023
2023-04-13,Tanjong Pagar,18,16,31.7,0.042,10144,4,2023
2023-04-13,Keppel,24,24,27.5,0.022,13200,4,2023
2023-04-13,Brani,12,9,33.8,0.085,6084,4,2023
2023-04-13,Pasir Panjang T1-2,30,28,26.7,0.021,14952,4,2023
2023-04-13,Pasir Panjang T3-4,30,26,23.9,0.094,12428,4,2023
2023-04-13,Tuas,38,35,35.1,0.043,24570,4,2023
2023-04-14,Tanjong Pagar,18,17,31.2,0.031,10608,4,2023
2023-04-14,Keppel,24,21,32.2,0.072,13524,4,2023
2023-04-14,Brani,12,11,24.3,0.028,5346,4,2023
2023-04-14,Pasir Panjang T1-2,30,30,24.7,0.071,14820,4,2023
2023-04-14,Pasir Panjang T3-4,30,28,28.6,0.08,16016,4,2023
2023-04-14,Tuas,38,36,33.7,0.107,24264,4,2023
2023-04-15,Tanjong Pagar,18,18,28.4,0.03,10224,4,2023
2023-04-15,Keppel,24,20,27.5,0.088,11000,4,2023
2023-04-15,Brani,12,12,24.0,0.038,5760,4,2023
2023-04-15,Pasir Panjang T1-2,30,28,31.1,0.038,17416,4,2023
2023-04-15,Pasir Panjang T3-4,30,30,33.6,0.051,20160,4,2023
2023-04-15,Tuas,38,37,34.0,0.044,25160,4,2023
2023-04-16,Tanjong Pagar,18,16,30.3,0.031,9696,4,2023
2023-04-16,Keppel,24,24,34.7,0.06,16656,4,2023
2023-04-16,Brani,12,8,27.9,0.063,4464,4,2023
2023-04-16,Pasir Panjang T1-2,30,26,31.8,0.053,16536,4,2023
2023-04-16,Pasir Panjang T3-4,30,30,35.9,0.046,21540,4,2023
2023-04-16,Tuas,38,37,23.2,0.101,17168,4,2023
2023-04-17,Tanjong Pagar,18,14,30.1,0.081,8428,4,2023
2023-04-17,Keppel,24,22,27.9,0.108,12276,4,2023
2023-04-17,Brani,12,8,33.9,0.058,5424,4,2023
2023-04-17,Pasir Panjang T1-2,30,30,33.3,0.086,19979,4,2023
2023-04-17,Pasir Panjang T3-4,30,27,27.3,0.061,14742,4,2023
2023-04-17,Tuas,38,34,33.6,0.059,22848,4,2023
2023-04-18,Tanjong Pagar,18,15,34.4,0.101,10320,4,2023
2023-04-18,Keppel,24,22,27.1,0.039,11924,4,2023
2023-04-18,Brani,12,12,27.3,0.076,6552,4,2023
2023-04-18,Pasir Panjang T1-2,30,30,25.6,0.063,15360,4,2023
2023-04-18,Pasir Panjang T3-4,30,28,25.3,0.09,14168,4,2023
2023-04-18,Tuas,38,35,32.1,0.025,22470,4,2023
2023-04-19,Tanjong Pagar,18,16,32.4,0.096,10368,4,2023
2023-04-19,Keppel,24,23,25.4,0.061,11683,4,2023
2023-04-19,Brani,12,9,23.1,0.077,4158,4,2023
2023-04-19,Pasir Panjang T1-2,30,28,23.8,0.08,13328,4,2023
2023-04-19,Pasir Panjang T3-4,30,29,25.3,0.042,14674,4,2023
2023-04-19,Tuas,38,38,35.7,0.032,27132,4,2023
2023-04-20,Tanjong Pagar,18,16,29.3,0.072,9376,4,2023
2023-04-20,Keppel,24,21,33.2,0.05,13944,4,2023
2023-04-20,Brani,12,10,27.7,0.04,5540,4,2023
2023-04-20,Pasir Panjang T1-2,30,26,30.6,0.092,15912,4,2023
2023-04-20,Pasir Panjang T3-4,30,26,35.2,0.05,18304,4,2023
2023-04-20,Tuas,38,36,29.2,0.035,21024,4,2023
2023-04-21,Tanjong Pagar,18,17,23.3,0.098,7922,4,2023
2023-04-21,Keppel,24,20,30.8,0.11,12320,4,2023
2023-04-21,Brani,12,12,32.1,0.063,7704,4,2023
2023-04-21,Pasir Panjang T1-2,30,26,34.7,0.035,18044,4,2023
2023-04-21,Pasir Panjang T3-4,30,26,33.9,0.056,17628,4,2023
2023-04-21,Tuas,38,37,26.6,0.117,19684,4,2023
2023-04-22,Tanjong Pagar,18,18,31.0,0.075,11160,4,2023
2023-04-22,Keppel,24,23,24.0,0.105,11040,4,2023
2023-04-22,Brani,12,8,35.1,0.07,5616,4,2023
2023-04-22,Pasir Panjang T1-2,30,27,27.9,0.11,15066,4,2023
2023-04-22,Pasir Panjang T3-4,30,27,25.1,0.118,13554,4,2023
2023-04-22,Tuas,38,38,23.8,0.046,18088,4,2023
2023-04-23,Tanjong Pagar,18,15,24.2,0.075,7260,4,2023
2023-04-23,Keppel,24,22,30.2,0.027,13288,4,2023
2023-04-23,Brani,12,10,33.7,0.074,6740,4,2023
2023-04-23,Pasir Panjang T1-2,30,26,33.8,0.117,17576,4,2023
2023-04-23,Pasir Panjang T3-4,30,27,25.6,0.03,13824,4,2023
2023-04-23,Tuas,38,35,28.7,0.037,20090,4,2023
2023-04-24,Tanjong Pagar,18,18,24.2,0.027,8712,4,2023
2023-04-24,Keppel,24,20,33.5,0.107,13400,4,2023
2023-04-24,Brani,12,9,28.2,0.073,5076,4,2023
2023-04-24,Pasir Panjang T1-2,30,29,28.2,0.06,16356,4,2023
2023-04-24,Pasir Panjang T3-4,30,30,28.9,0.039,17340,4,2023
2023-04-24,Tuas,38,34,28.1,0.115,19108,4,2023
2023-04-25,Tanjong Pagar,18,17,26.7,0.093,9078,4,2023
2023-04-25,Keppel,24,23,32.6,0.11,14996,4,2023
2023-04-25,Brani,12,9,24.3,0.078,4374,4,2023
2023-04-25,Pasir Panjang T1-2,30,27,31.3,0.08,16902,4,2023
2023-04-25,Pasir Panjang T3-4,30,29,24.2,0.08,14036,4,2023
2023-04-25,Tuas,38,34,30.6,0.073,20808,4,2023
2023-04-26,Tanjong Pagar,18,15,35.6,0.04,10680,4,2023
2023-04-26,Keppel,24,21,24.6,0.033,10332,4,2023
2023-04-26,Brani,12,10,34.1,0.057,6820,4,2023
2023-04-26,Pasir Panjang T1-2,30,28,34.4,0.1,19264,4,2023
2023-04-26,Pasir Panjang T3-4,30,29,28.2,0.08,16356,4,2023
2023-04-26,Tuas,38,34,34.8,0.063,23663,4,2023
2023-04-27,Tanjong Pagar,18,17,35.0,0.091,11900,4,2023
2023-04-27,Keppel,24,23,30.9,0.026,14213,4,2023
2023-04-27,Brani,12,8,27.0,0.03,4320,4,2023
2023-04-27,Pasir Panjang T1-2,30,28,26.1,0.085,14616,4,2023
2023-04-27,Pasir Panjang T3-4,30,29,25.4,0.084,14731,4,2023
2023-04-27,Tuas,38,34,28.8,0.068,19584,4,2023
2023-04-28,Tanjong Pagar,18,17,23.3,0.07,7922,4,2023
2023-04-28,Keppel,24,20,29.2,0.111,11680,4,2023
2023-04-28,Brani,12,8,25.4,0.042,4064,4,2023
2023-04-28,Pasir Panjang T1-2,30,26,24.6,0.091,12792,4,2023
2023-04-28,Pasir Panjang T3-4,30,27,33.9,0.055,18306,4,2023
2023-04-28,Tuas,38,35,29.4,0.09,20580,4,2023
2023-04-29,Tanjong Pagar,18,14,23.9,0.092,6691,4,2023
2023-04-29,Keppel,24,24,23.3,0.071,11184,4,2023
2023-04-29,Brani,12,10,31.0,0.077,6200,4,2023
2023-04-29,Pasir Panjang T1-2,30,28,26.1,0.104,14616,4,2023
2023-04-29,Pasir Panjang T3-4,30,28,31.1,0.069,17416,4,2023
2023-04-29,Tuas,38,36,29.7,0.064,21384,4,2023
2023-04-30,Tanjong Pagar,18,18,28.6,0.116,10296,4,2023
2023-04-30,Keppel,24,20,33.0,0.09,13200,4,2023
2023-04-30,Brani,12,10,28.5,0.096,5700,4,2023
2023-04-30,Pasir Panjang T1-2,30,26,23.6,0.032,12272,4,2023
2023-04-30,Pasir Panjang T3-4,30,28,32.6,0.041,18256,4,2023
2023-04-30,Tuas,38,35,27.8,0.053,19460,4,2023
2023-05-01,Tanjong Pagar,18,16,29.8,0.093,9536,5,2023
2023-05-01,Keppel,24,22,25.9,0.095,11396,5,2023
2023-05-01,Brani,12,9,23.6,0.059,4248,5,2023
2023-05-01,Pasir Panjang T1-2,30,30,25.4,0.067,15240,5,2023
2023-05-01,Pasir Panjang T3-4,30,28,29.5,0.037,16520,5,2023
2023-05-01,Tuas,38,37,24.6,0.098,18204,5,2023
2023-05-02,Tanjong Pagar,18,15,35.6,0.025,10680,5,2023
2023-05-02,Keppel,24,20,26.0,0.059,10400,5,2023
2023-05-02,Brani,12,10,33.9,0.035,6780,5,2023
2023-05-02,Pasir Panjang T1-2,30,29,31.3,0.049,18154,5,2023
2023-05-02,Pasir Panjang T3-4,30,30,30.7,0.044,18420,5,2023
2023-05-02,Tuas,38,38,25.2,0.116,19152,5,2023
2023-05-03,Tanjong Pagar,18,14,28.3,0.038,7924,5,2023
2023-05-03,Keppel,24,24,33.1,0.044,15888,5,2023
2023-05-03,Brani,12,10,35.5,0.074,7100,5,2023
2023-05-03,Pasir Panjang T1-2,30,30,30.9,0.029,18540,5,2023
2023-05-03,Pasir Panjang T3-4,30,26,29.6,0.08,15392,5,2023
2023-05-03,Tuas,38,36,32.4,0.063,23327,5,2023
2023-05-04,Tanjong Pagar,18,17,25.7,0.038,8738,5,2023
2023-05-04,Keppel,24,21,34.1,0.034,14322,5,2023
2023-05-04,Brani,12,9,32.3,0.087,5814,5,2023
2023-05-04,Pasir Panjang T1-2,30,26,33.7,0.026,17524,5,2023
2023-05-04,Pasir Panjang T3-4,30,30,27.1,0.037,16260,5,2023
2023-05-04,Tuas,38,35,25.0,0.113,17500,5,2023
2023-05-05,Tanjong Pagar,18,17,30.2,0.024,10268,5,2023
2023-05-05,Keppel,24,20,35.2,0.027,14080,5,2023
2023-05-05,Brani,12,9,24.1,0.102,4338,5,2023
2023-05-05,Pasir Panjang T1-2,30,26,31.4,0.115,16328,5,2023
2023-05-05,Pasir Panjang T3-4,30,29,25.8,0.062,14964,5,2023
2023-05-05,Tuas,38,34,32.8,0.085,22303,5,2023
2023-05-06,Tanjong Pagar,18,16,33.3,0.106,10656,5,2023
2023-05-06,Keppel,24,20,35.8,0.047,14320,5,2023
2023-05-06,Brani,12,9,26.2,0.043,4716,5,2023
2023-05-06,Pasir Panjang T1-2,30,28,30.1,0.023,16856,5,2023
2023-05-06,Pasir Panjang T3-4,30,27,29.1,0.066,15714,5,2023
2023-05-06,Tuas,38,34,31.8,0.037,21624,5,2023
2023-05-07,Tanjong Pagar,18,17,32.4,0.038,11016,5,2023
2023-05-07,Keppel,24,24,27.7,0.118,13296,5,2023
2023-05-07,Brani,12,10,24.9,0.101,4980,5,2023
2023-05-07,Pasir Panjang T1-2,30,30,25.0,0.07,15000,5,2023
2023-05-07,Pasir Panjang T3-4,30,29,34.1,0.039,19778,5,2023
2023-05-07,Tuas,38,37,25.4,0.09,18796,5,2023
2023-05-08,Tanjong Pagar,18,14,33.0,0.118,9240,5,2023
2023-05-08,Keppel,24,24,23.4,0.025,11231,5,2023
2023-05-08,Brani,12,12,28.5,0.093,6840,5,2023
2023-05-08,Pasir Panjang T1-2,30,30,24.9,0.057,14940,5,2023
2023-05-08,Pasir Panjang T3-4,30,28,33.1,0.102,18536,5,2023
2023-05-08,Tuas,38,38,29.1,0.036,22116,5,2023
2023-05-09,Tanjong Pagar,18,16,23.0,0.11,7360,5,2023
2023-05-09,Keppel,24,24,25.8,0.119,12384,5,2023
2023-05-09,Brani,12,10,23.3,0.025,4660,5,2023
2023-05-09,Pasir Panjang T1-2,30,26,27.0,0.104,14040,5,2023
2023-05-09,Pasir Panjang T3-4,30,29,26.8,0.044,15544,5,2023
2023-05-09,Tuas,38,36,23.7,0.112,17064,5,2023
2023-05-10,Tanjong Pagar,18,17,33.4,0.038,11356,5,2023
2023-05-10,Keppel,24,22,35.1,0.043,15444,5,2023
2023-05-10,Brani,12,10,30.4,0.03,6080,5,2023
2023-05-10,Pasir Panjang T1-2,30,26,32.4,0.113,16848,5,2023
2023-05-10,Pasir Panjang T3-4,30,28,32.4,0.061,18144,5,2023
2023-05-10,Tuas,38,36,29.4,0.038,21167,5,2023
2023-05-11,Tanjong Pagar,18,17,30.4,0.054,10336,5,2023
2023-05-11,Keppel,24,21,31.5,0.065,13230,5,2023
2023-05-11,Brani,12,11,23.3,0.108,5126,5,2023
2023-05-11,Pasir Panjang T1-2,30,28,24.9,0.099,13943,5,2023
2023-05-11,Pasir Panjang T3-4,30,26,29.1,0.027,15132,5,2023
2023-05-11,Tuas,38,37,30.3,0.037,22422,5,2023
2023-05-12,Tanjong Pagar,18,14,30.0,0.062,8400,5,2023
2023-05-12,Keppel,24,24,32.1,0.12,15408,5,2023
2023-05-12,Brani,12,8,34.7,0.023,5552,5,2023
2023-05-12,Pasir Panjang T1-2,30,28,29.8,0.038,16688,5,2023
2023-05-12,Pasir Panjang T3-4,30,28,27.7,0.07,15512,5,2023
2023-05-12,Tuas,38,38,33.9,0.114,25764,5,2023
2023-05-13,Tanjong Pagar,18,14,25.6,0.084,7168,5,2023
2023-05-13,Keppel,24,20,35.0,0.049,14000,5,2023
2023-05-13,Brani,12,9,25.3,0.111,4554,5,2023
2023-05-13,Pasir Panjang T1-2,30,28,34.0,0.079,19040,5,2023
2023-05-13,Pasir Panjang T3-4,30,26,30.9,0.077,16068,5,2023
2023-05-13,Tuas,38,34,28.1,0.038,19108,5,2023
2023-05-14,Tanjong Pagar,18,14,30.4,0.069,8512,5,2023
2023-05-14,Keppel,24,24,25.5,0.098,12240,5,2023
2023-05-14,Brani,12,12,34.5,0.109,8280,5,2023
2023-05-14,Pasir Panjang T1-2,30,30,26.9,0.041,16140,5,2023
2023-05-14,Pasir Panjang T3-4,30,26,25.4,0.034,13208,5,2023
2023-05-14,Tuas,38,38,28.4,0.114,21584,5,2023
2023-05-15,Tanjong Pagar,18,18,27.3,0.074,9828,5,2023
2023-05-15,Keppel,24,24,26.8,0.082,12864,5,2023
2023-05-15,Brani,12,8,29.1,0.111,4656,5,2023
2023-05-15,Pasir Panjang T1-2,30,27,34.5,0.061,18630,5,2023
2023-05-15,Pasir Panjang T3-4,30,29,27.2,0.081,15776,5,2023
2023-05-15,Tuas,38,36,34.9,0.025,25127,5,2023
2023-05-16,Tanjong Pagar,18,16,35.9,0.039,11488,5,2023
2023-05-16,Keppel,24,21,31.6,0.033,13272,5,2023
2023-05-16,Brani,12,11,34.6,0.095,7612,5,2023
2023-05-16,Pasir Panjang T1-2,30,27,35.7,0.044,19278,5,2023
2023-05-16,Pasir Panjang T3-4,30,29,27.5,0.048,15950,5,2023
2023-05-16,Tuas,38,36,34.8,0.031,25056,5,2023
2023-05-17,Tanjong Pagar,18,17,24.2,0.098,8228,5,2023
2023-05-17,Keppel,24,24,23.5,0.051,11280,5,2023
2023-05-17,Brani,12,10,24.0,0.032,4800,5,2023
2023-05-17,Pasir Panjang T1-2,30,28,31.2,0.031,17472,5,2023
2023-05-17,Pasir Panjang T3-4,30,30,25.1,0.092,15060,5,2023
2023-05-17,Tuas,38,38,33.5,0.057,25460,5,2023
2023-05-18,Tanjong Pagar,18,14,28.5,0.051,7980,5,2023
2023-05-18,Keppel,24,24,32.3,0.054,15503,5,2023
2023-05-18,Brani,12,12,26.1,0.044,6264,5,2023
2023-05-18,Pasir Panjang T1-2,30,29,27.7,0.087,16066,5,2023
2023-05-18,Pasir Panjang T3-4,30,26,33.0,0.055,17160,5,2023
2023-05-18,Tuas,38,38,28.5,0.071,21660,5,2023
2023-05-19,Tanjong Pagar,18,17,29.5,0.067,10030,5,2023
2023-05-19,Keppel,24,20,30.8,0.103,12320,5,2023
2023-05-19,Brani,12,9,34.5,0.075,6210,5,2023
2023-05-19,Pasir Panjang T1-2,30,30,35.3,0.118,21180,5,2023
2023-05-19,Pasir Panjang T3-4,30,28,24.7,0.081,13832,5,2023
2023-05-19,Tuas,38,34,33.4,0.081,22712,5,2023
2023-05-20,Tanjong Pagar,18,16,31.1,0.05,9952,5,2023
2023-05-20,Keppel,24,22,32.1,0.113,14124,5,2023
2023-05-20,Brani,12,10,33.6,0.08,6720,5,2023
2023-05-20,Pasir Panjang T1-2,30,30,28.0,0.071,16800,5,2023
2023-05-20,Pasir Panjang T3-4,30,29,30.4,0.112,17632,5,2023
2023-05-20,Tuas,38,35,30.7,0.07,21490,5,2023
2023-05-21,Tanjong Pagar,18,16,23.6,0.082,7552,5,2023
2023-05-21,Keppel,24,22,29.7,0.093,13068,5,2023
2023-05-21,Brani,12,8,28.5,0.099,4560,5,2023
2023-05-21,Pasir Panjang T1-2,30,27,28.8,0.114,15552,5,2023
2023-05-21,Pasir Panjang T3-4,30,30,31.5,0.031,18900,5,2023
2023-05-21,Tuas,38,36,28.5,0.048,20520,5,2023
2023-05-22,Tanjong Pagar,18,16,33.3,0.106,10656,5,2023
2023-05-22,Keppel,24,20,33.9,0.052,13560,5,2023
2023-05-22,Brani,12,9,30.4,0.112,5471,5,2023
2023-05-22,Pasir Panjang T1-2,30,26,29.4,0.091,15288,5,2023
2023-05-22,Pasir Panjang T3-4,30,28,29.3,0.087,16408,5,2023
2023-05-22,Tuas,38,37,33.7,0.033,24938,5,2023
2023-05-23,Tanjong Pagar,18,17,30.7,0.074,10438,5,2023
2023-05-23,Keppel,24,21,28.6,0.057,12012,5,2023
2023-05-23,Brani,12,12,32.3,0.043,7751,5,2023
2023-05-23,Pasir Panjang T1-2,30,29,34.5,0.117,20010,5,2023
2023-05-23,Pasir Panjang T3-4,30,30,32.7,0.09,19620,5,2023
2023-05-23,Tuas,38,36,24.2,0.1,17424,5,2023
2023-05-24,Tanjong Pagar,18,15,25.4,0.022,7620,5,2023
2023-05-24,Keppel,24,21,26.6,0.055,11172,5,2023
2023-05-24,Brani,12,9,29.6,0.069,5328,5,2023
2023-05-24,Pasir Panjang T1-2,30,27,28.0,0.081,15120,5,2023
2023-05-24,Pasir Panjang T3-4,30,27,23.7,0.069,12798,5,2023
2023-05-24,Tuas,38,38,23.3,0.069,17708,5,2023
2023-05-25,Tanjong Pagar,18,15,26.4,0.05,7920,5,2023
2023-05-25,Keppel,24,20,28.3,0.119,11320,5,2023
2023-05-25,Brani,12,12,34.1,0.111,8184,5,2023
2023-05-25,Pasir Panjang T1-2,30,29,26.8,0.027,15544,5,2023
2023-05-25,Pasir Panjang T3-4,30,26,35.3,0.093,18356,5,2023
2023-05-25,Tuas,38,35,30.8,0.117,21560,5,2023
2023-05-26,Tanjong Pagar,18,18,33.5,0.072,12060,5,2023
2023-05-26,Keppel,24,22,33.9,0.106,14916,5,2023
2023-05-26,Brani,12,8,28.5,0.056,4560,5,2023
2023-05-26,Pasir Panjang T1-2,30,26,31.5,0.06,16380,5,2023
2023-05-26,Pasir Panjang T3-4,30,26,28.0,0.056,14560,5,2023
2023-05-26,Tuas,38,37,26.4,0.068,19536,5,2023
2023-05-27,Tanjong Pagar,18,16,31.2,0.068,9984,5,2023
2023-05-27,Keppel,24,23,34.4,0.044,15823,5,2023
2023-05-27,Brani,12,9,29.3,0.065,5274,5,2023
2023-05-27,Pasir Panjang T1-2,30,27,30.9,0.041,16686,5,2023
2023-05-27,Pasir Panjang T3-4,30,29,31.4,0.115,18212,5,2023
2023-05-27,Tuas,38,35,32.6,0.091,22820,5,2023
2023-05-28,Tanjong Pagar,18,17,25.8,0.087,8772,5,2023
2023-05-28,Keppel,24,22,33.2,0.048,14608,5,2023
2023-05-28,Brani,12,12,35.5,0.111,8520,5,2023
2023-05-28,Pasir Panjang T1-2,30,26,34.6,0.057,17992,5,2023
2023-05-28,Pasir Panjang T3-4,30,28,26.1,0.089,14616,5,2023
2023-05-28,Tuas,38,36,35.5,0.033,25560,5,2023
2023-05-29,Tanjong Pagar,18,15,29.3,0.023,8790,5,2023
2023-05-29,Keppel,24,23,27.6,0.105,12696,5,2023
2023-05-29,Brani,12,10,35.8,0.099,7160,5,2023
2023-05-29,Pasir Panjang T1-2,30,27,26.4,0.034,14256,5,2023
2023-05-29,Pasir Panjang T3-4,30,26,33.4,0.044,17368,5,2023
2023-05-29,Tuas,38,35,27.1,0.032,18970,5,2023
2023-05-30,Tanjong Pagar,18,14,29.1,0.094,8148,5,2023
2023-05-30,Keppel,24,23,27.5,0.108,12650,5,2023
2023-05-30,Brani,12,11,30.6,0.068,6732,5,2023
2023-05-30,Pasir Panjang T1-2,30,28,23.5,0.032,13160,5,2023
2023-05-30,Pasir Panjang T3-4,30,27,23.2,0.118,12528,5,2023
2023-05-30,Tuas,38,35,32.2,0.091,22540,5,2023
2023-05-31,Tanjong Pagar,18,17,32.6,0.055,11084,5,2023
2023-05-31,Keppel,24,20,31.5,0.073,12600,5,2023
2023-05-31,Brani,12,12,35.8,0.1,8592,5,2023
2023-05-31,Pasir Panjang T1-2,30,27,28.5,0.109,15390,5,2023
2023-05-31,Pasir Panjang T3-4,30,26,24.9,0.038,12948,5,2023
2023-05-31,Tuas,38,35,29.5,0.043,20650,5,2023
2023-06-01,Tanjong Pagar,18,15,29.1,0.027,8730,6,2023
2023-06-01,Keppel,24,21,30.1,0.06,12642,6,2023
2023-06-01,Brani,12,8,25.3,0.114,4048,6,2023
2023-06-01,Pasir Panjang T1-2,30,27,23.8,0.098,12852,6,2023
2023-06-01,Pasir Panjang T3-4,30,28,32.9,0.056,18424,6,2023
2023-06-01,Tuas,38,37,33.3,0.079,24642,6,2023
2023-06-02,Tanjong Pagar,18,16,30.5,0.062,9760,6,2023
2023-06-02,Keppel,24,20,31.3,0.085,12520,6,2023
2023-06-02,Brani,12,8,31.6,0.04,5056,6,2023
2023-06-02,Pasir Panjang T1-2,30,28,31.3,0.092,17528,6,2023
2023-06-02,Pasir Panjang T3-4,30,26,34.7,0.119,18044,6,2023
2023-06-02,Tuas,38,38,29.7,0.095,22572,6,2023
2023-06-03,Tanjong Pagar,18,14,35.6,0.074,9968,6,2023
2023-06-03,Keppel,24,24,28.3,0.047,13584,6,2023
2023-06-03,Brani,12,12,27.2,0.088,6528,6,2023
2023-06-03,Pasir Panjang T1-2,30,29,32.9,0.099,19082,6,2023
2023-06-03,Pasir Panjang T3-4,30,26,26.8,0.022,13936,6,2023
2023-06-03,Tuas,38,37,23.5,0.049,17390,6,2023
2023-06-04,Tanjong Pagar,18,16,25.7,0.033,8224,6,2023
2023-06-04,Keppel,24,20,23.7,0.117,9480,6,2023
2023-06-04,Brani,12,10,29.5,0.053,5900,6,2023
2023-06-04,Pasir Panjang T1-2,30,27,28.2,0.022,15228,6,2023
2023-06-04,Pasir Panjang T3-4,30,29,27.8,0.088,16124,6,2023
2023-06-04,Tuas,38,38,28.5,0.065,21660,6,2023
2023-06-05,Tanjong Pagar,18,18,24.4,0.083,8784,6,2023
2023-06-05,Keppel,24,22,29.2,0.058,12848,6,2023
2023-06-05,Brani,12,11,25.9,0.043,5698,6,2023
2023-06-05,Pasir Panjang T1-2,30,30,34.9,0.029,20940,6,2023
2023-06-05,Pasir Panjang T3-4,30,27,32.0,0.094,17280,6,2023
2023-06-05,Tuas,38,38,23.7,0.118,18012,6,2023
2023-06-06,Tanjong Pagar,18,14,23.8,0.077,6664,6,2023
2023-06-06,Keppel,24,22,27.8,0.089,12232,6,2023
2023-06-06,Brani,12,9,23.2,0.026,4176,6,2023
2023-06-06,Pasir Panjang T1-2,30,27,28.2,0.04,15228,6,2023
2023-06-06,Pasir Panjang T3-4,30,28,25.4,0.033,14223,6,2023
2023-06-06,Tuas,38,38,26.4,0.109,20064,6,2023
2023-06-07,Tanjong Pagar,18,14,26.0,0.062,7280,6,2023
2023-06-07,Keppel,24,23,25.3,0.025,11638,6,2023
2023-06-07,Brani,12,9,28.4,0.026,5112,6,2023
2023-06-07,Pasir Panjang T1-2,30,26,27.0,0.081,14040,6,2023
2023-06-07,Pasir Panjang T3-4,30,28,25.5,0.107,14280,6,2023
2023-06-07,Tuas,38,37,24.7,0.096,18278,6,2023
2023-06-08,Tanjong Pagar,18,15,25.2,0.082,7560,6,2023
2023-06-08,Keppel,24,24,34.4,0.04,16512,6,2023
2023-06-08,Brani,12,11,25.8,0.101,5676,6,2023
2023-06-08,Pasir Panjang T1-2,30,26,26.9,0.097,13988,6,2023
2023-06-08,Pasir Panjang T3-4,30,27,34.1,0.059,18414,6,2023
2023-06-08,Tuas,38,35,32.2,0.09,22540,6,2023
2023-06-09,Tanjong Pagar,18,16,25.7,0.02,8224,6,2023
2023-06-09,Keppel,24,20,34.3,0.111,13720,6,2023
2023-06-09,Brani,12,10,26.5,0.051,5300,6,2023
2023-06-09,Pasir Panjang T1-2,30,27,23.3,0.054,12582,6,2023
2023-06-09,Pasir Panjang T3-4,30,27,24.1,0.032,13014,6,2023
2023-06-09,Tuas,38,36,27.3,0.06,19656,6,2023
2023-06-10,Tanjong Pagar,18,15,34.0,0.102,10200,6,2023
2023-06-10,Keppel,24,24,31.3,0.116,15024,6,2023
2023-06-10,Brani,12,9,32.2,0.089,5796,6,2023
2023-06-10,Pasir Panjang T1-2,30,28,24.0,0.097,13440,6,2023
2023-06-10,Pasir Panjang T3-4,30,29,32.6,0.082,18908,6,2023
2023-06-10,Tuas,38,36,31.1,0.112,22392,6,2023
2023-06-11,Tanjong Pagar,18,18,26.1,0.022,9396,6,2023
2023-06-11,Keppel,24,22,27.7,0.053,12188,6,2023
2023-06-11,Brani,12,12,24.5,0.027,5880,6,2023
2023-06-11,Pasir Panjang T1-2,30,30,25.1,0.062,15060,6,2023
2023-06-11,Pasir Panjang T3-4,30,29,33.1,0.114,19198,6,2023
2023-06-11,Tuas,38,35,23.9,0.044,16730,6,2023
2023-06-12,Tanjong Pagar,18,18,31.8,0.028,11448,6,2023
2023-06-12,Keppel,24,23,35.2,0.041,16192,6,2023
2023-06-12,Brani,12,10,24.5,0.101,4900,6,2023
2023-06-12,Pasir Panjang T1-2,30,29,28.8,0.102,16704,6,2023
2023-06-12,Pasir Panjang T3-4,30,27,35.9,0.1,19386,6,2023
2023-06-12,Tuas,38,34,34.6,0.049,23528,6,2023
2023-06-13,Tanjong Pagar,18,17,27.9,0.044,9486,6,2023
2023-06-13,Keppel,24,20,25.2,0.116,10080,6,2023
2023-06-13,Brani,12,10,28.8,0.115,5760,6,2023
2023-06-13,Pasir Panjang T1-2,30,29,29.0,0.097,16820,6,2023
2023-06-13,Pasir Panjang T3-4,30,26,24.2,0.108,12583,6,2023
2023-06-13,Tuas,38,36,25.5,0.042,18360,6,2023
2023-06-14,Tanjong Pagar,18,16,29.4,0.058,9408,6,2023
2023-06-14,Keppel,24,22,26.7,0.091,11748,6,2023
2023-06-14,Brani,12,9,23.9,0.093,4302,6,2023
2023-06-14,Pasir Panjang T1-2,30,27,34.7,0.046,18738,6,2023
2023-06-14,Pasir Panjang T3-4,30,29,25.6,0.107,14848,6,2023
2023-06-14,Tuas,38,35,23.7,0.044,16590,6,2023
2023-06-15,Tanjong Pagar,18,17,29.3,0.091,9962,6,2023
2023-06-15,Keppel,24,22,24.1,0.045,10604,6,2023
2023-06-15,Brani,12,8,24.7,0.096,3952,6,2023
2023-06-15,Pasir Panjang T1-2,30,26,35.4,0.022,18408,6,2023
2023-06-15,Pasir Panjang T3-4,30,26,34.0,0.068,17680,6,2023
2023-06-15,Tuas,38,35,25.2,0.022,17640,6,2023
2023-06-16,Tanjong Pagar,18,17,27.6,0.02,9384,6,2023
2023-06-16,Keppel,24,21,29.0,0.108,12180,6,2023
2023-06-16,Brani,12,11,25.2,0.035,5544,6,2023
2023-06-16,Pasir Panjang T1-2,30,26,35.6,0.108,18512,6,2023
2023-06-16,Pasir Panjang T3-4,30,29,28.9,0.083,16762,6,2023
2023-06-16,Tuas,38,34,35.7,0.034,24276,6,2023
2023-06-17,Tanjong Pagar,18,15,33.5,0.089,10050,6,2023
2023-06-17,Keppel,24,23,28.4,0.119,13063,6,2023
2023-06-17,Brani,12,8,28.0,0.073,4480,6,2023
2023-06-17,Pasir Panjang T1-2,30,30,23.6,0.024,14160,6,2023
2023-06-17,Pasir Panjang T3-4,30,27,27.6,0.086,14904,6,2023
2023-06-17,Tuas,38,37,30.5,0.107,22570,6,2023
2023-06-18,Tanjong Pagar,18,18,29.4,0.084,10583,6,2023
2023-06-18,Keppel,24,22,24.2,0.036,10648,6,2023
2023-06-18,Brani,12,11,30.5,0.06,6710,6,2023
2023-06-18,Pasir Panjang T1-2,30,29,24.1,0.033,13978,6,2023
2023-06-18,Pasir Panjang T3-4,30,30,24.3,0.103,14580,6,2023
2023-06-18,Tuas,38,34,34.0,0.048,23120,6,2023
2023-06-19,Tanjong Pagar,18,16,28.6,0.12,9152,6,2023
2023-06-19,Keppel,24,20,23.8,0.111,9520,6,2023
2023-06-19,Brani,12,9,29.1,0.031,5238,6,2023
2023-06-19,Pasir Panjang T1-2,30,28,27.3,0.037,15288,6,2023
2023-06-19,Pasir Panjang T3-4,30,27,31.0,0.099,16740,6,2023
2023-06-19,Tuas,38,38,33.5,0.082,25460,6,2023
2023-06-20,Tanjong Pagar,18,15,32.6,0.089,9780,6,2023
2023-06-20,Keppel,24,23,29.0,0.072,13340,6,2023
2023-06-20,Brani,12,11,36.0,0.08,7920,6,2023
2023-06-20,Pasir Panjang T1-2,30,30,25.2,0.031,15120,6,2023
2023-06-20,Pasir Panjang T3-4,30,30,33.3,0.051,19979,6,2023
2023-06-20,Tuas,38,35,26.5,0.086,18550,6,2023
2023-06-21,Tanjong Pagar,18,18,30.2,0.097,10872,6,2023
2023-06-21,Keppel,24,21,33.2,0.074,13944,6,2023
2023-06-21,Brani,12,9,34.1,0.03,6138,6,2023
2023-06-21,Pasir Panjang T1-2,30,30,31.8,0.088,19080,6,2023
2023-06-21,Pasir Panjang T3-4,30,27,26.7,0.078,14418,6,2023
2023-06-21,Tuas,38,35,35.4,0.041,24780,6,2023
2023-06-22,Tanjong Pagar,18,14,26.6,0.084,7448,6,2023
2023-06-22,Keppel,24,24,27.3,0.1,13104,6,2023
2023-06-22,Brani,12,8,34.1,0.113,5456,6,2023
2023-06-22,Pasir Panjang T1-2,30,29,24.5,0.049,14210,6,2023
2023-06-22,Pasir Panjang T3-4,30,30,33.3,0.052,19979,6,2023
2023-06-22,Tuas,38,34,33.0,0.115,22440,6,2023
2023-06-23,Tanjong Pagar,18,15,29.1,0.036,8730,6,2023
2023-06-23,Keppel,24,22,30.0,0.049,13200,6,2023
2023-06-23,Brani,12,9,33.2,0.114,5976,6,2023
2023-06-23,Pasir Panjang T1-2,30,30,35.4,0.092,21240,6,2023
2023-06-23,Pasir Panjang T3-4,30,30,26.9,0.042,16140,6,2023
2023-06-23,Tuas,38,35,34.7,0.082,24290,6,2023
2023-06-24,Tanjong Pagar,18,15,27.1,0.097,8130,6,2023
2023-06-24,Keppel,24,22,33.1,0.088,14564,6,2023
2023-06-24,Brani,12,9,25.9,0.118,4662,6,2023
2023-06-24,Pasir Panjang T1-2,30,26,33.4,0.05,17368,6,2023
2023-06-24,Pasir Panjang T3-4,30,27,35.1,0.054,18954,6,2023
2023-06-24,Tuas,38,35,29.6,0.11,20720,6,2023
2023-06-25,Tanjong Pagar,18,18,32.0,0.044,11520,6,2023
2023-06-25,Keppel,24,23,33.1,0.094,15226,6,2023
2023-06-25,Brani,12,11,28.5,0.075,6270,6,2023
2023-06-25,Pasir Panjang T1-2,30,28,34.9,0.063,19544,6,2023
2023-06-25,Pasir Panjang T3-4,30,30,31.9,0.038,19140,6,2023
2023-06-25,Tuas,38,38,29.9,0.031,22724,6,2023
2023-06-26,Tanjong Pagar,18,17,23.9,0.035,8125,6,2023
2023-06-26,Keppel,24,23,30.3,0.102,13938,6,2023
2023-06-26,Brani,12,8,34.4,0.115,5504,6,2023
2023-06-26,Pasir Panjang T1-2,30,28,35.7,0.071,19992,6,2023
2023-06-26,Pasir Panjang T3-4,30,27,30.9,0.105,16686,6,2023
2023-06-26,Tuas,38,37,28.1,0.076,20794,6,2023
2023-06-27,Tanjong Pagar,18,16,28.4,0.113,9088,6,2023
2023-06-27,Keppel,24,23,28.4,0.079,13063,6,2023
2023-06-27,Brani,12,8,31.0,0.067,4960,6,2023
2023-06-27,Pasir Panjang T1-2,30,28,23.6,0.027,13216,6,2023
2023-06-27,Pasir Panjang T3-4,30,26,24.2,0.039,12583,6,2023
2023-06-27,Tuas,38,37,27.5,0.054,20350,6,2023
2023-06-28,Tanjong Pagar,18,18,28.4,0.033,10224,6,2023
2023-06-28,Keppel,24,21,24.1,0.093,10122,6,2023
2023-06-28,Brani,12,9,34.5,0.034,6210,6,2023
2023-06-28,Pasir Panjang T1-2,30,26,30.1,0.11,15652,6,2023
2023-06-28,Pasir Panjang T3-4,30,30,33.9,0.039,20340,6,2023
2023-06-28,Tuas,38,35,29.2,0.038,20440,6,2023
2023-06-29,Tanjong Pagar,18,15,29.0,0.086,8700,6,2023
2023-06-29,Keppel,24,24,31.5,0.074,15120,6,2023
2023-06-29,Brani,12,10,27.2,0.08,5440,6,2023
2023-06-29,Pasir Panjang T1-2,30,30,35.5,0.096,21300,6,2023
2023-06-29,Pasir Panjang T3-4,30,30,25.0,0.027,15000,6,2023
2023-06-29,Tuas,38,37,27.5,0.045,20350,6,2023
2023-06-30,Tanjong Pagar,18,17,30.8,0.082,10472,6,2023
2023-06-30,Keppel,24,22,31.9,0.029,14036,6,2023
2023-06-30,Brani,12,11,35.3,0.074,7765,6,2023
2023-06-30,Pasir Panjang T1-2,30,28,31.4,0.092,17584,6,2023
2023-06-30,Pasir Panjang T3-4,30,28,34.7,0.1,19432,6,2023
2023-06-30,Tuas,38,37,25.6,0.024,18944,6,2023
2023-07-01,Tanjong Pagar,18,17,29.0,0.082,9860,7,2023
2023-07-01,Keppel,24,24,30.0,0.118,14400,7,2023
2023-07-01,Brani,12,8,31.1,0.041,4976,7,2023
2023-07-01,Pasir Panjang T1-2,30,30,31.0,0.114,18600,7,2023
2023-07-01,Pasir Panjang T3-4,30,30,31.1,0.112,18660,7,2023
2023-07-01,Tuas,38,34,23.6,0.059,16048,7,2023
2023-07-02,Tanjong Pagar,18,15,27.1,0.027,8130,7,2023
2023-07-02,Keppel,24,21,32.4,0.054,13608,7,2023
2023-07-02,Brani,12,11,35.9,0.096,7898,7,2023
2023-07-02,Pasir Panjang T1-2,30,26,27.0,0.036,14040,7,2023
2023-07-02,Pasir Panjang T3-4,30,30,33.4,0.06,20040,7,2023
2023-07-02,Tuas,38,38,33.9,0.093,25764,7,2023
2023-07-03,Tanjong Pagar,18,18,31.4,0.1,11303,7,2023
2023-07-03,Keppel,24,20,31.5,0.08,12600,7,2023
2023-07-03,Brani,12,12,25.7,0.083,6168,7,2023
2023-07-03,Pasir Panjang T1-2,30,28,26.4,0.045,14783,7,2023
2023-07-03,Pasir Panjang T3-4,30,29,29.1,0.066,16878,7,2023
2023-07-03,Tuas,38,35,32.0,0.06,22400,7,2023
2023-07-04,Tanjong Pagar,18,15,26.3,0.096,7890,7,2023
2023-07-04,Keppel,24,22,23.7,0.032,10428,7,2023
2023-07-04,Brani,12,9,27.5,0.071,4950,7,2023
2023-07-04,Pasir Panjang T1-2,30,28,23.9,0.059,13383,7,2023
2023-07-04,Pasir Panjang T3-4,30,29,29.8,0.028,17284,7,2023
2023-07-04,Tuas,38,37,27.4,0.076,20276,7,2023
2023-07-05,Tanjong Pagar,18,17,26.0,0.047,8840,7,2023
2023-07-05,Keppel,24,21,24.9,0.065,10458,7,2023
2023-07-05,Brani,12,10,33.3,0.05,6660,7,2023
2023-07-05,Pasir Panjang T1-2,30,26,35.2,0.027,18304,7,2023
2023-07-05,Pasir Panjang T3-4,30,30,23.9,0.096,14340,7,2023
2023-07-05,Tuas,38,38,30.9,0.086,23484,7,2023
2023-07-06,Tanjong Pagar,18,17,23.4,0.074,7955,7,2023
2023-07-06,Keppel,24,21,28.6,0.052,12012,7,2023
2023-07-06,Brani,12,12,34.1,0.036,8184,7,2023
2023-07-06,Pasir Panjang T1-2,30,27,33.9,0.026,18306,7,2023
2023-07-06,Pasir Panjang T3-4,30,28,27.8,0.036,15568,7,2023
2023-07-06,Tuas,38,37,26.4,0.079,19536,7,2023
2023-07-07,Tanjong Pagar,18,18,31.9,0.06,11483,7,2023
2023-07-07,Keppel,24,23,33.2,0.042,15272,7,2023
2023-07-07,Brani,12,9,30.6,0.112,5508,7,2023
2023-07-07,Pasir Panjang T1-2,30,29,32.8,0.084,19024,7,2023
2023-07-07,Pasir Panjang T3-4,30,29,25.8,0.027,14964,7,2023
2023-07-07,Tuas,38,35,26.8,0.052,18760,7,2023
2023-07-08,Tanjong Pagar,18,18,23.9,0.027,8604,7,2023
2023-07-08,Keppel,24,24,28.7,0.073,13776,7,2023
2023-07-08,Brani,12,11,23.2,0.066,5104,7,2023
2023-07-08,Pasir Panjang T1-2,30,27,32.6,0.078,17604,7,2023
2023-07-08,Pasir Panjang T3-4,30,28,23.3,0.114,13048,7,2023
2023-07-08,Tuas,38,34,35.4,0.021,24072,7,2023
2023-07-09,Tanjong Pagar,18,16,29.8,0.093,9536,7,2023
2023-07-09,Keppel,24,23,25.9,0.034,11913,7,2023
2023-07-09,Brani,12,12,29.1,0.044,6984,7,2023
2023-07-09,Pasir Panjang T1-2,30,29,28.3,0.036,16414,7,2023
2023-07-09,Pasir Panjang T3-4,30,27,30.2,0.068,16308,7,2023
2023-07-09,Tuas,38,38,32.1,0.025,24396,7,2023
2023-07-10,Tanjong Pagar,18,16,35.0,0.066,11200,7,2023
2023-07-10,Keppel,24,20,35.7,0.07,14280,7,2023
2023-07-10,Brani,12,12,25.7,0.069,6168,7,2023
2023-07-10,Pasir Panjang T1-2,30,28,27.8,0.034,15568,7,2023
2023-07-10,Pasir Panjang T3-4,30,29,32.7,0.024,18966,7,2023
2023-07-10,Tuas,38,34,23.6,0.08,16048,7,2023
2023-07-11,Tanjong Pagar,18,18,33.6,0.079,12096,7,2023
2023-07-11,Keppel,24,22,24.4,0.074,10736,7,2023
2023-07-11,Brani,12,9,31.9,0.085,5741,7,2023
2023-07-11,Pasir Panjang T1-2,30,29,35.3,0.081,20474,7,2023
2023-07-11,Pasir Panjang T3-4,30,27,23.3,0.064,12582,7,2023
2023-07-11,Tuas,38,35,28.9,0.027,20230,7,2023
2023-07-12,Tanjong Pagar,18,18,28.0,0.064,10080,7,2023
2023-07-12,Keppel,24,23,23.7,0.034,10902,7,2023
2023-07-12,Brani,12,8,25.3,0.11,4048,7,2023
2023-07-12,Pasir Panjang T1-2,30,28,27.5,0.097,15400,7,2023
2023-07-12,Pasir Panjang T3-4,30,27,24.7,0.077,13338,7,2023
2023-07-12,Tuas,38,37,30.8,0.105,22792,7,2023
2023-07-13,Tanjong Pagar,18,14,26.7,0.073,7476,7,2023
2023-07-13,Keppel,24,22,33.9,0.035,14916,7,2023
2023-07-13,Brani,12,11,29.9,0.075,6578,7,2023
2023-07-13,Pasir Panjang T1-2,30,27,35.5,0.115,19170,7,2023
2023-07-13,Pasir Panjang T3-4,30,30,33.5,0.026,20100,7,2023
2023-07-13,Tuas,38,35,30.1,0.038,21070,7,2023
2023-07-14,Tanjong Pagar,18,15,34.9,0.117,10470,7,2023
2023-07-14,Keppel,24,20,35.6,0.106,14240,7,2023
2023-07-14,Brani,12,12,24.6,0.027,5904,7,2023
2023-07-14,Pasir Panjang T1-2,30,26,29.4,0.116,15288,7,2023
2023-07-14,Pasir Panjang T3-4,30,29,32.2,0.106,18676,7,2023
2023-07-14,Tuas,38,38,35.2,0.098,26752,7,2023
2023-07-15,Tanjong Pagar,18,18,35.3,0.06,12708,7,2023
2023-07-15,Keppel,24,24,23.6,0.044,11328,7,2023
2023-07-15,Brani,12,10,26.3,0.04,5260,7,2023
2023-07-15,Pasir Panjang T1-2,30,30,31.4,0.029,18840,7,2023
2023-07-15,Pasir Panjang T3-4,30,28,26.9,0.107,15063,7,2023
2023-07-15,Tuas,38,38,29.2,0.069,22192,7,2023
2023-07-16,Tanjong Pagar,18,14,28.8,0.021,8064,7,2023
2023-07-16,Keppel,24,22,33.8,0.086,14871,7,2023
2023-07-16,Brani,12,11,29.0,0.101,6380,7,2023
2023-07-16,Pasir Panjang T1-2,30,27,35.8,0.057,19332,7,2023
2023-07-16,Pasir Panjang T3-4,30,29,32.2,0.031,18676,7,2023
2023-07-16,Tuas,38,37,26.7,0.112,19758,7,2023
2023-07-17,Tanjong Pagar,18,14,26.4,0.077,7391,7,2023
2023-07-17,Keppel,24,22,26.1,0.1,11484,7,2023
2023-07-17,Brani,12,8,31.5,0.086,5040,7,2023
2023-07-17,Pasir Panjang T1-2,30,30,27.3,0.071,16380,7,2023
2023-07-17,Pasir Panjang T3-4,30,29,30.2,0.03,17516,7,2023
2023-07-17,Tuas,38,38,30.0,0.029,22800,7,2023
2023-07-18,Tanjong Pagar,18,17,35.3,0.064,12001,7,2023
2023-07-18,Keppel,24,21,34.7,0.067,14574,7,2023
2023-07-18,Brani,12,10,30.2,0.082,6040,7,2023
2023-07-18,Pasir Panjang T1-2,30,27,32.3,0.048,17442,7,2023
2023-07-18,Pasir Panjang T3-4,30,27,29.2,0.084,15768,7,2023
2023-07-18,Tuas,38,34,25.0,0.023,17000,7,2023
2023-07-19,Tanjong Pagar,18,17,28.5,0.088,9690,7,2023
2023-07-19,Keppel,24,23,23.1,0.103,10626,7,2023
2023-07-19,Brani,12,12,24.5,0.035,5880,7,2023
2023-07-19,Pasir Panjang T1-2,30,30,30.1,0.036,18060,7,2023
2023-07-19,Pasir Panjang T3-4,30,27,33.6,0.095,18144,7,2023
2023-07-19,Tuas,38,35,35.4,0.109,24780,7,2023
2023-07-20,Tanjong Pagar,18,15,35.8,0.063,10740,7,2023
2023-07-20,Keppel,24,21,30.2,0.056,12683,7,2023
2023-07-20,Brani,12,11,29.5,0.05,6490,7,2023
2023-07-20,Pasir Panjang T1-2,30,28,29.8,0.091,16688,7,2023
2023-07-20,Pasir Panjang T3-4,30,29,33.8,0.108,19604,7,2023
2023-07-20,Tuas,38,36,28.4,0.096,20448,7,2023
2023-07-21,Tanjong Pagar,18,17,32.9,0.067,11186,7,2023
2023-07-21,Keppel,24,24,32.2,0.062,15456,7,2023
2023-07-21,Brani,12,10,31.1,0.026,6220,7,2023
2023-07-21,Pasir Panjang T1-2,30,27,25.2,0.076,13608,7,2023
2023-07-21,Pasir Panjang T3-4,30,29,25.4,0.114,14731,7,2023
2023-07-21,Tuas,38,36,36.0,0.059,25920,7,2023
2023-07-22,Tanjong Pagar,18,15,33.6,0.045,10080,7,2023
2023-07-22,Keppel,24,23,26.0,0.085,11960,7,2023
2023-07-22,Brani,12,11,26.9,0.096,5918,7,2023
2023-07-22,Pasir Panjang T1-2,30,27,34.2,0.027,18468,7,2023
2023-07-22,Pasir Panjang T3-4,30,28,34.0,0.093,19040,7,2023
2023-07-22,Tuas,38,35,35.2,0.076,24640,7,2023
2023-07-23,Tanjong Pagar,18,15,26.1,0.034,7830,7,2023
2023-07-23,Keppel,24,23,24.2,0.108,11132,7,2023
2023-07-23,Brani,12,10,28.3,0.095,5660,7,2023
2023-07-23,Pasir Panjang T1-2,30,29,34.2,0.091,19836,7,2023
2023-07-23,Pasir Panjang T3-4,30,26,26.7,0.028,13883,7,2023
2023-07-23,Tuas,38,34,32.5,0.111,22100,7,2023
2023-07-24,Tanjong Pagar,18,14,30.6,0.094,8568,7,2023
2023-07-24,Keppel,24,22,23.0,0.057,10120,7,2023
2023-07-24,Brani,12,11,29.8,0.032,6556,7,2023
2023-07-24,Pasir Panjang T1-2,30,26,35.1,0.072,18252,7,2023
2023-07-24,Pasir Panjang T3-4,30,26,30.1,0.102,15652,7,2023
2023-07-24,Tuas,38,38,24.9,0.048,18924,7,2023
2023-07-25,Tanjong Pagar,18,18,36.0,0.024,12960,7,2023
2023-07-25,Keppel,24,20,23.1,0.07,9240,7,2023
2023-07-25,Brani,12,10,31.6,0.035,6320,7,2023
2023-07-25,Pasir Panjang T1-2,30,30,28.4,0.059,17040,7,2023
2023-07-25,Pasir Panjang T3-4,30,29,28.3,0.043,16414,7,2023
2023-07-25,Tuas,38,38,26.7,0.105,20292,7,2023
2023-07-26,Tanjong Pagar,18,14,23.9,0.094,6691,7,2023
2023-07-26,Keppel,24,22,34.9,0.111,15356,7,2023
2023-07-26,Brani,12,8,26.8,0.073,4288,7,2023
2023-07-26,Pasir Panjang T1-2,30,27,26.5,0.09,14310,7,2023
2023-07-26,Pasir Panjang T3-4,30,30,33.9,0.089,20340,7,2023
2023-07-26,Tuas,38,37,34.0,0.103,25160,7,2023
2023-07-27,Tanjong Pagar,18,14,33.8,0.059,9463,7,2023
2023-07-27,Keppel,24,20,24.9,0.093,9960,7,2023
2023-07-27,Brani,12,9,33.7,0.03,6066,7,2023
2023-07-27,Pasir Panjang T1-2,30,29,34.9,0.044,20242,7,2023
2023-07-27,Pasir Panjang T3-4,30,26,29.7,0.062,15443,7,2023
2023-07-27,Tuas,38,34,26.7,0.11,18156,7,2023
2023-07-28,Tanjong Pagar,18,15,33.9,0.03,10170,7,2023
2023-07-28,Keppel,24,20,33.7,0.045,13480,7,2023
2023-07-28,Brani,12,12,27.8,0.068,6672,7,2023
2023-07-28,Pasir Panjang T1-2,30,27,25.5,0.112,13770,7,2023
2023-07-28,Pasir Panjang T3-4,30,26,25.5,0.102,13260,7,2023
2023-07-28,Tuas,38,35,26.7,0.111,18690,7,2023
2023-07-29,Tanjong Pagar,18,15,27.4,0.104,8220,7,2023
2023-07-29,Keppel,24,24,28.9,0.042,13871,7,2023
2023-07-29,Brani,12,12,27.3,0.107,6552,7,2023
2023-07-29,Pasir Panjang T1-2,30,27,32.3,0.085,17442,7,2023
2023-07-29,Pasir Panjang T3-4,30,29,33.3,0.055,19314,7,2023
2023-07-29,Tuas,38,36,25.2,0.027,18144,7,2023
2023-07-30,Tanjong Pagar,18,18,23.1,0.118,8316,7,2023
2023-07-30,Keppel,24,24,36.0,0.045,17280,7,2023
2023-07-30,Brani,12,8,28.8,0.111,4608,7,2023
2023-07-30,Pasir Panjang T1-2,30,30,28.0,0.072,16800,7,2023
2023-07-30,Pasir Panjang T3-4,30,29,31.1,0.041,18038,7,2023
2023-07-30,Tuas,38,37,28.1,0.068,20794,7,2023
2023-07-31,Tanjong Pagar,18,15,23.5,0.117,7050,7,2023
2023-07-31,Keppel,24,23,28.5,0.06,13110,7,2023
2023-07-31,Brani,12,12,29.3,0.079,7032,7,2023
2023-07-31,Pasir Panjang T1-2,30,30,32.3,0.05,19379,7,2023
2023-07-31,Pasir Panjang T3-4,30,27,33.7,0.1,18198,7,2023
2023-07-31,Tuas,38,38,24.2,0.067,18392,7,2023
2023-08-01,Tanjong Pagar,18,14,23.9,0.092,6691,8,2023
2023-08-01,Keppel,24,22,27.6,0.059,12144,8,2023
2023-08-01,Brani,12,11,31.1,0.104,6842,8,2023
2023-08-01,Pasir Panjang T1-2,30,29,34.6,0.07,20068,8,2023
2023-08-01,Pasir Panjang T3-4,30,27,31.2,0.04,16848,8,2023
2023-08-01,Tuas,38,37,23.2,0.031,17168,8,2023
2023-08-02,Tanjong Pagar,18,17,28.4,0.085,9656,8,2023
2023-08-02,Keppel,24,21,29.2,0.112,12263,8,2023
2023-08-02,Brani,12,12,24.1,0.114,5784,8,2023
2023-08-02,Pasir Panjang T1-2,30,26,25.3,0.098,13156,8,2023
2023-08-02,Pasir Panjang T3-4,30,26,26.1,0.043,13572,8,2023
2023-08-02,Tuas,38,36,34.6,0.077,24912,8,2023
2023-08-03,Tanjong Pagar,18,18,30.1,0.028,10836,8,2023
2023-08-03,Keppel,24,23,27.5,0.074,12650,8,2023
2023-08-03,Brani,12,12,33.2,0.094,7968,8,2023
2023-08-03,Pasir Panjang T1-2,30,28,31.4,0.111,17584,8,2023
2023-08-03,Pasir Panjang T3-4,30,26,23.7,0.114,12323,8,2023
2023-08-03,Tuas,38,38,27.7,0.097,21052,8,2023
2023-08-04,Tanjong Pagar,18,14,27.6,0.104,7728,8,2023
2023-08-04,Keppel,24,23,24.1,0.043,11086,8,2023
2023-08-04,Brani,12,12,29.7,0.03,7128,8,2023
2023-08-04,Pasir Panjang T1-2,30,29,31.3,0.061,18154,8,2023
2023-08-04,Pasir Panjang T3-4,30,30,23.6,0.031,14160,8,2023
2023-08-04,Tuas,38,34,27.5,0.079,18700,8,2023
2023-08-05,Tanjong Pagar,18,14,31.5,0.031,8820,8,2023
2023-08-05,Keppel,24,23,33.4,0.1,15363,8,2023
2023-08-05,Brani,12,12,32.9,0.04,7895,8,2023
2023-08-05,Pasir Panjang T1-2,30,27,25.0,0.07,13500,8,2023
2023-08-05,Pasir Panjang T3-4,30,29,30.4,0.074,17632,8,2023
2023-08-05,Tuas,38,34,24.6,0.087,16728,8,2023
2023-08-06,Tanjong Pagar,18,18,24.1,0.08,8676,8,2023
2023-08-06,Keppel,24,22,28.5,0.079,12540,8,2023
2023-08-06,Brani,12,11,28.2,0.033,6204,8,2023
2023-08-06,Pasir Panjang T1-2,30,29,31.2,0.119,18096,8,2023
2023-08-06,Pasir Panjang T3-4,30,30,33.3,0.112,19979,8,2023
2023-08-06,Tuas,38,36,31.3,0.04,22536,8,2023
2023-08-07,Tanjong Pagar,18,18,27.1,0.038,9756,8,2023
2023-08-07,Keppel,24,23,31.5,0.09,14490,8,2023
2023-08-07,Brani,12,9,32.2,0.072,5796,8,2023
2023-08-07,Pasir Panjang T1-2,30,30,31.3,0.118,18780,8,2023
2023-08-07,Pasir Panjang T3-4,30,27,28.8,0.081,15552,8,2023
2023-08-07,Tuas,38,37,32.5,0.107,24050,8,2023
2023-08-08,Tanjong Pagar,18,14,24.5,0.067,6860,8,2023
2023-08-08,Keppel,24,20,32.8,0.029,13120,8,2023
2023-08-08,Brani,12,11,35.4,0.119,7788,8,2023
2023-08-08,Pasir Panjang T1-2,30,30,31.3,0.094,18780,8,2023
2023-08-08,Pasir Panjang T3-4,30,26,34.9,0.031,18148,8,2023
2023-08-08,Tuas,38,35,27.4,0.114,19180,8,2023
2023-08-09,Tanjong Pagar,18,14,32.3,0.072,9043,8,2023
2023-08-09,Keppel,24,22,23.1,0.045,10164,8,2023
2023-08-09,Brani,12,12,25.4,0.064,6095,8,2023
2023-08-09,Pasir Panjang T1-2,30,27,33.0,0.068,17820,8,2023
2023-08-09,Pasir Panjang T3-4,30,26,26.7,0.055,13883,8,2023
2023-08-09,Tuas,38,38,33.7,0.093,25612,8,2023
2023-08-10,Tanjong Pagar,18,14,29.5,0.025,8260,8,2023
2023-08-10,Keppel,24,20,33.1,0.068,13240,8,2023
2023-08-10,Brani,12,12,28.1,0.023,6744,8,2023
2023-08-10,Pasir Panjang T1-2,30,29,24.9,0.043,14441,8,2023
2023-08-10,Pasir Panjang T3-4,30,30,27.2,0.051,16320,8,2023
2023-08-10,Tuas,38,34,33.2,0.048,22576,8,2023
2023-08-11,Tanjong Pagar,18,17,26.4,0.059,8976,8,2023
2023-08-11,Keppel,24,24,25.7,0.09,12336,8,2023
2023-08-11,Brani,12,11,27.0,0.096,5940,8,2023
2023-08-11,Pasir Panjang T1-2,30,27,30.4,0.062,16416,8,2023
2023-08-11,Pasir Panjang T3-4,30,29,27.9,0.087,16181,8,2023
2023-08-11,Tuas,38,38,32.6,0.111,24776,8,2023
2023-08-12,Tanjong Pagar,18,18,27.4,0.027,9864,8,2023
2023-08-12,Keppel,24,21,25.3,0.053,10626,8,2023
2023-08-12,Brani,12,10,23.8,0.031,4760,8,2023
2023-08-12,Pasir Panjang T1-2,30,27,26.6,0.051,14364,8,2023
2023-08-12,Pasir Panjang T3-4,30,29,30.8,0.044,17864,8,2023
2023-08-12,Tuas,38,34,28.5,0.093,19380,8,2023
2023-08-13,Tanjong Pagar,18,17,31.8,0.104,10812,8,2023
2023-08-13,Keppel,24,21,35.6,0.076,14952,8,2023
2023-08-13,Brani,12,11,27.6,0.056,6072,8,2023
2023-08-13,Pasir Panjang T1-2,30,27,26.7,0.074,14418,8,2023
2023-08-13,Pasir Panjang T3-4,30,26,25.4,0.028,13208,8,2023
2023-08-13,Tuas,38,35,32.3,0.076,22610,8,2023
2023-08-14,Tanjong Pagar,18,17,33.8,0.093,11491,8,2023
2023-08-14,Keppel,24,23,29.0,0.04,13340,8,2023
2023-08-14,Brani,12,8,29.7,0.037,4752,8,2023
2023-08-14,Pasir Panjang T1-2,30,26,31.1,0.061,16172,8,2023
2023-08-14,Pasir Panjang T3-4,30,27,31.1,0.09,16794,8,2023
2023-08-14,Tuas,38,35,28.1,0.057,19670,8,2023
2023-08-15,Tanjong Pagar,18,17,24.5,0.102,8330,8,2023
2023-08-15,Keppel,24,21,25.7,0.044,10793,8,2023
2023-08-15,Brani,12,10,33.2,0.066,6640,8,2023
2023-08-15,Pasir Panjang T1-2,30,26,23.0,0.042,11960,8,2023
2023-08-15,Pasir Panjang T3-4,30,26,25.3,0.062,13156,8,2023
2023-08-15,Tuas,38,35,34.5,0.021,24150,8,2023
2023-08-16,Tanjong Pagar,18,15,27.4,0.063,8220,8,2023
2023-08-16,Keppel,24,20,25.3,0.07,10120,8,2023
2023-08-16,Brani,12,12,35.0,0.022,8400,8,2023
2023-08-16,Pasir Panjang T1-2,30,27,34.9,0.092,18846,8,2023
2023-08-16,Pasir Panjang T3-4,30,27,29.3,0.109,15822,8,2023
2023-08-16,Tuas,38,34,26.0,0.072,17680,8,2023
2023-08-17,Tanjong Pagar,18,16,24.3,0.084,7776,8,2023
2023-08-17,Keppel,24,24,25.3,0.026,12144,8,2023
2023-08-17,Brani,12,10,31.2,0.106,6240,8,2023
2023-08-17,Pasir Panjang T1-2,30,29,35.7,0.037,20706,8,2023
2023-08-17,Pasir Panjang T3-4,30,28,23.3,0.08,13048,8,2023
2023-08-17,Tuas,38,35,27.8,0.032,19460,8,2023
2023-08-18,Tanjong Pagar,18,17,31.1,0.049,10574,8,2023
2023-08-18,Keppel,24,21,27.9,0.026,11718,8,2023
2023-08-18,Brani,12,9,29.2,0.071,5256,8,2023
2023-08-18,Pasir Panjang T1-2,30,27,26.1,0.104,14094,8,2023
2023-08-18,Pasir Panjang T3-4,30,28,33.0,0.02,18480,8,2023
2023-08-18,Tuas,38,38,29.0,0.037,22040,8,2023
2023-08-19,Tanjong Pagar,18,18,24.2,0.034,8712,8,2023
2023-08-19,Keppel,24,23,24.0,0.073,11040,8,2023
2023-08-19,Brani,12,12,31.9,0.03,7655,8,2023
2023-08-19,Pasir Panjang T1-2,30,26,28.0,0.107,14560,8,2023
2023-08-19,Pasir Panjang T3-4,30,28,30.0,0.076,16800,8,2023
2023-08-19,Tuas,38,35,30.7,0.048,21490,8,2023
2023-08-20,Tanjong Pagar,18,16,33.9,0.116,10848,8,2023
2023-08-20,Keppel,24,20,34.9,0.026,13960,8,2023
2023-08-20,Brani,12,9,31.7,0.037,5706,8,2023
2023-08-20,Pasir Panjang T1-2,30,27,34.1,0.104,18414,8,2023
2023-08-20,Pasir Panjang T3-4,30,29,32.7,0.054,18966,8,2023
2023-08-20,Tuas,38,34,32.5,0.082,22100,8,2023
2023-08-21,Tanjong Pagar,18,16,32.0,0.054,10240,8,2023
2023-08-21,Keppel,24,21,29.3,0.047,12306,8,2023
2023-08-21,Brani,12,10,28.3,0.023,5660,8,2023
2023-08-21,Pasir Panjang T1-2,30,26,25.5,0.111,13260,8,2023
2023-08-21,Pasir Panjang T3-4,30,28,29.6,0.075,16576,8,2023
2023-08-21,Tuas,38,38,30.1,0.101,22876,8,2023
2023-08-22,Tanjong Pagar,18,15,30.3,0.075,9090,8,2023
2023-08-22,Keppel,24,22,29.3,0.076,12892,8,2023
2023-08-22,Brani,12,10,27.0,0.114,5400,8,2023
2023-08-22,Pasir Panjang T1-2,30,30,30.2,0.057,18120,8,2023
2023-08-22,Pasir Panjang T3-4,30,28,35.7,0.065,19992,8,2023
2023-08-22,Tuas,38,34,33.2,0.084,22576,8,2023
2023-08-23,Tanjong Pagar,18,17,25.0,0.094,8500,8,2023
2023-08-23,Keppel,24,20,30.0,0.051,12000,8,2023
2023-08-23,Brani,12,8,34.8,0.039,5568,8,2023
2023-08-23,Pasir Panjang T1-2,30,27,35.0,0.09,18900,8,2023
2023-08-23,Pasir Panjang T3-4,30,30,30.7,0.088,18420,8,2023
2023-08-23,Tuas,38,35,27.6,0.087,19320,8,2023
2023-08-24,Tanjong Pagar,18,16,25.8,0.109,8256,8,2023
2023-08-24,Keppel,24,22,25.6,0.094,11264,8,2023
2023-08-24,Brani,12,10,27.6,0.031,5520,8,2023
2023-08-24,Pasir Panjang T1-2,30,28,30.8,0.081,17248,8,2023
2023-08-24,Pasir Panjang T3-4,30,26,35.7,0.021,18564,8,2023
2023-08-24,Tuas,38,38,31.3,0.039,23788,8,2023
2023-08-25,Tanjong Pagar,18,17,32.2,0.025,10948,8,2023
2023-08-25,Keppel,24,23,23.5,0.117,10810,8,2023
2023-08-25,Brani,12,12,26.7,0.098,6408,8,2023
2023-08-25,Pasir Panjang T1-2,30,26,29.8,0.044,15496,8,2023
2023-08-25,Pasir Panjang T3-4,30,27,32.0,0.064,17280,8,2023
2023-08-25,Tuas,38,38,34.3,0.103,26067,8,2023
2023-08-26,Tanjong Pagar,18,18,32.6,0.047,11736,8,2023
2023-08-26,Keppel,24,22,24.6,0.043,10824,8,2023
2023-08-26,Brani,12,9,25.6,0.023,4608,8,2023
2023-08-26,Pasir Panjang T1-2,30,30,30.1,0.04,18060,8,2023
2023-08-26,Pasir Panjang T3-4,30,26,35.2,0.095,18304,8,2023
2023-08-26,Tuas,38,36,24.5,0.109,17640,8,2023
2023-08-27,Tanjong Pagar,18,14,27.8,0.077,7784,8,2023
2023-08-27,Keppel,24,20,31.5,0.113,12600,8,2023
2023-08-27,Brani,12,11,28.6,0.085,6292,8,2023
2023-08-27,Pasir Panjang T1-2,30,28,23.3,0.087,13048,8,2023
2023-08-27,Pasir Panjang T3-4,30,26,25.7,0.043,13363,8,2023
2023-08-27,Tuas,38,35,24.4,0.054,17080,8,2023
2023-08-28,Tanjong Pagar,18,15,33.6,0.049,10080,8,2023
2023-08-28,Keppel,24,23,29.4,0.078,13523,8,2023
2023-08-28,Brani,12,10,34.9,0.082,6980,8,2023
2023-08-28,Pasir Panjang T1-2,30,28,35.1,0.095,19656,8,2023
2023-08-28,Pasir Panjang T3-4,30,30,24.8,0.1,14880,8,2023
2023-08-28,Tuas,38,34,34.5,0.094,23460,8,2023
2023-08-29,Tanjong Pagar,18,16,29.2,0.045,9344,8,2023
2023-08-29,Keppel,24,21,26.3,0.105,11046,8,2023
2023-08-29,Brani,12,8,27.3,0.037,4368,8,2023
2023-08-29,Pasir Panjang T1-2,30,30,24.3,0.05,14580,8,2023
2023-08-29,Pasir Panjang T3-4,30,30,27.5,0.114,16500,8,2023
2023-08-29,Tuas,38,37,24.5,0.065,18130,8,2023
2023-08-30,Tanjong Pagar,18,18,28.2,0.091,10152,8,2023
2023-08-30,Keppel,24,23,28.9,0.097,13293,8,2023
2023-08-30,Brani,12,10,34.3,0.038,6860,8,2023
2023-08-30,Pasir Panjang T1-2,30,27,26.1,0.045,14094,8,2023
2023-08-30,Pasir Panjang T3-4,30,30,27.6,0.1,16560,8,2023
2023-08-30,Tuas,38,34,32.1,0.116,21828,8,2023
2023-08-31,Tanjong Pagar,18,18,29.6,0.035,10656,8,2023
2023-08-31,Keppel,24,22,26.0,0.111,11440,8,2023
2023-08-31,Brani,12,12,32.0,0.052,7680,8,2023
2023-08-31,Pasir Panjang T1-2,30,30,34.3,0.087,20580,8,2023
2023-08-31,Pasir Panjang T3-4,30,29,29.1,0.069,16878,8,2023
2023-08-31,Tuas,38,35,35.4,0.02,24780,8,2023
2023-09-01,Tanjong Pagar,18,14,24.2,0.104,6776,9,2023
2023-09-01,Keppel,24,20,25.0,0.042,10000,9,2023
2023-09-01,Brani,12,10,26.2,0.111,5240,9,2023
2023-09-01,Pasir Panjang T1-2,30,27,35.6,0.056,19224,9,2023
2023-09-01,Pasir Panjang T3-4,30,27,26.8,0.116,14472,9,2023
2023-09-01,Tuas,38,36,27.6,0.114,19872,9,2023
2023-09-02,Tanjong Pagar,18,14,27.1,0.024,7588,9,2023
2023-09-02,Keppel,24,20,29.1,0.022,11640,9,2023
2023-09-02,Brani,12,12,27.9,0.113,6695,9,2023
2023-09-02,Pasir Panjang T1-2,30,26,25.7,0.027,13363,9,2023
2023-09-02,Pasir Panjang T3-4,30,29,31.7,0.113,18386,9,2023
2023-09-02,Tuas,38,37,34.0,0.112,25160,9,2023
2023-09-03,Tanjong Pagar,18,16,34.3,0.093,10976,9,2023
2023-09-03,Keppel,24,23,30.2,0.027,13892,9,2023
2023-09-03,Brani,12,11,32.5,0.065,7150,9,2023
2023-09-03,Pasir Panjang T1-2,30,28,34.8,0.113,19487,9,2023
2023-09-03,Pasir Panjang T3-4,30,28,30.4,0.048,17024,9,2023
2023-09-03,Tuas,38,35,30.4,0.035,21280,9,2023
2023-09-04,Tanjong Pagar,18,17,36.0,0.052,12240,9,2023
2023-09-04,Keppel,24,23,24.2,0.021,11132,9,2023
2023-09-04,Brani,12,12,33.3,0.029,7991,9,2023
2023-09-04,Pasir Panjang T1-2,30,28,29.7,0.081,16632,9,2023
2023-09-04,Pasir Panjang T3-4,30,28,31.8,0.106,17808,9,2023
2023-09-04,Tuas,38,37,34.5,0.046,25530,9,2023
2023-09-05,Tanjong Pagar,18,17,23.8,0.118,8092,9,2023
2023-09-05,Keppel,24,21,32.0,0.116,13440,9,2023
2023-09-05,Brani,12,11,28.3,0.119,6226,9,2023
2023-09-05,Pasir Panjang T1-2,30,26,30.4,0.092,15808,9,2023
2023-09-05,Pasir Panjang T3-4,30,28,27.4,0.053,15343,9,2023
2023-09-05,Tuas,38,38,34.6,0.087,26296,9,2023
2023-09-06,Tanjong Pagar,18,17,24.0,0.09,8160,9,2023
2023-09-06,Keppel,24,21,33.0,0.027,13860,9,2023
2023-09-06,Brani,12,10,26.7,0.091,5340,9,2023
2023-09-06,Pasir Panjang T1-2,30,28,35.6,0.042,19936,9,2023
2023-09-06,Pasir Panjang T3-4,30,30,24.5,0.109,14700,9,2023
2023-09-06,Tuas,38,34,31.0,0.072,21080,9,2023
2023-09-07,Tanjong Pagar,18,15,29.2,0.113,8760,9,2023
2023-09-07,Keppel,24,22,32.3,0.091,14211,9,2023
2023-09-07,Brani,12,11,35.9,0.07,7898,9,2023
2023-09-07,Pasir Panjang T1-2,30,26,23.2,0.099,12063,9,2023
2023-09-07,Pasir Panjang T3-4,30,29,32.0,0.059,18560,9,2023
2023-09-07,Tuas,38,37,29.7,0.091,21977,9,2023
2023-09-08,Tanjong Pagar,18,17,26.9,0.106,9146,9,2023
2023-09-08,Keppel,24,20,25.3,0.055,10120,9,2023
2023-09-08,Brani,12,9,26.4,0.066,4752,9,2023
2023-09-08,Pasir Panjang T1-2,30,26,34.4,0.088,17888,9,2023
2023-09-08,Pasir Panjang T3-4,30,27,32.8,0.078,17712,9,2023
2023-09-08,Tuas,38,36,24.1,0.079,17352,9,2023
2023-09-09,Tanjong Pagar,18,17,33.3,0.039,11321,9,2023
2023-09-09,Keppel,24,23,31.2,0.039,14352,9,2023
2023-09-09,Brani,12,8,23.9,0.073,3824,9,2023
2023-09-09,Pasir Panjang T1-2,30,26,23.9,0.021,12428,9,2023
2023-09-09,Pasir Panjang T3-4,30,26,34.3,0.104,17836,9,2023
2023-09-09,Tuas,38,36,28.9,0.03,20807,9,2023
2023-09-10,Tanjong Pagar,18,17,25.0,0.033,8500,9,2023
2023-09-10,Keppel,24,22,24.8,0.075,10912,9,2023
2023-09-10,Brani,12,11,28.5,0.071,6270,9,2023
2023-09-10,Pasir Panjang T1-2,30,27,35.6,0.029,19224,9,2023
2023-09-10,Pasir Panjang T3-4,30,26,34.8,0.06,18096,9,2023
2023-09-10,Tuas,38,35,30.4,0.101,21280,9,2023
2023-09-11,Tanjong Pagar,18,16,31.8,0.04,10176,9,2023
2023-09-11,Keppel,24,23,31.6,0.098,14536,9,2023
2023-09-11,Brani,12,12,34.7,0.077,8328,9,2023
2023-09-11,Pasir Panjang T1-2,30,28,33.2,0.031,18592,9,2023
2023-09-11,Pasir Panjang T3-4,30,29,34.2,0.025,19836,9,2023
2023-09-11,Tuas,38,34,23.8,0.115,16184,9,2023
2023-09-12,Tanjong Pagar,18,14,30.7,0.073,8596,9,2023
2023-09-12,Keppel,24,20,30.3,0.084,12120,9,2023
2023-09-12,Brani,12,9,33.7,0.082,6066,9,2023
2023-09-12,Pasir Panjang T1-2,30,26,32.2,0.089,16744,9,2023
2023-09-12,Pasir Panjang T3-4,30,28,24.0,0.066,13440,9,2023
2023-09-12,Tuas,38,36,31.5,0.07,22680,9,2023
2023-09-13,Tanjong Pagar,18,15,35.2,0.021,10560,9,2023
2023-09-13,Keppel,24,20,25.7,0.11,10280,9,2023
2023-09-13,Brani,12,8,31.9,0.077,5104,9,2023
2023-09-13,Pasir Panjang T1-2,30,26,23.9,0.073,12428,9,2023
2023-09-13,Pasir Panjang T3-4,30,27,33.6,0.026,18144,9,2023
2023-09-13,Tuas,38,36,27.5,0.096,19800,9,2023
2023-09-14,Tanjong Pagar,18,15,30.1,0.111,9030,9,2023
2023-09-14,Keppel,24,23,35.8,0.049,16468,9,2023
2023-09-14,Brani,12,9,27.4,0.12,4932,9,2023
2023-09-14,Pasir Panjang T1-2,30,27,24.3,0.075,13122,9,2023
2023-09-14,Pasir Panjang T3-4,30,30,24.5,0.077,14700,9,2023
2023-09-14,Tuas,38,34,32.2,0.109,21896,9,2023
2023-09-15,Tanjong Pagar,18,16,31.2,0.107,9984,9,2023
2023-09-15,Keppel,24,22,24.3,0.099,10692,9,2023
2023-09-15,Brani,12,11,24.5,0.032,5390,9,2023
2023-09-15,Pasir Panjang T1-2,30,26,30.0,0.109,15600,9,2023
2023-09-15,Pasir Panjang T3-4,30,26,31.6,0.104,16432,9,2023
2023-09-15,Tuas,38,34,28.0,0.028,19040,9,2023
2023-09-16,Tanjong Pagar,18,16,24.5,0.067,7840,9,2023
2023-09-16,Keppel,24,22,33.6,0.11,14784,9,2023
2023-09-16,Brani,12,12,27.9,0.065,6695,9,2023
2023-09-16,Pasir Panjang T1-2,30,29,26.6,0.023,15428,9,2023
2023-09-16,Pasir Panjang T3-4,30,30,26.8,0.054,16080,9,2023
2023-09-16,Tuas,38,37,30.8,0.082,22792,9,2023
2023-09-17,Tanjong Pagar,18,18,25.6,0.031,9216,9,2023
2023-09-17,Keppel,24,21,34.7,0.023,14574,9,2023
2023-09-17,Brani,12,10,26.4,0.054,5280,9,2023
2023-09-17,Pasir Panjang T1-2,30,30,29.4,0.089,17640,9,2023
2023-09-17,Pasir Panjang T3-4,30,30,33.6,0.093,20160,9,2023
2023-09-17,Tuas,38,34,29.7,0.073,20196,9,2023
2023-09-18,Tanjong Pagar,18,15,28.9,0.053,8670,9,2023
2023-09-18,Keppel,24,20,28.1,0.116,11240,9,2023
2023-09-18,Brani,12,10,30.1,0.046,6020,9,2023
2023-09-18,Pasir Panjang T1-2,30,30,26.7,0.092,16020,9,2023
2023-09-18,Pasir Panjang T3-4,30,29,24.2,0.111,14036,9,2023
2023-09-18,Tuas,38,38,29.9,0.022,22724,9,2023
2023-09-19,Tanjong Pagar,18,18,33.0,0.078,11880,9,2023
2023-09-19,Keppel,24,20,27.1,0.087,10840,9,2023
2023-09-19,Brani,12,10,35.7,0.054,7140,9,2023
2023-09-19,Pasir Panjang T1-2,30,29,32.1,0.077,18618,9,2023
2023-09-19,Pasir Panjang T3-4,30,28,35.4,0.023,19824,9,2023
2023-09-19,Tuas,38,37,28.5,0.041,21090,9,2023
2023-09-20,Tanjong Pagar,18,15,33.4,0.109,10020,9,2023
2023-09-20,Keppel,24,23,33.3,0.088,15318,9,2023
2023-09-20,Brani,12,8,32.6,0.056,5216,9,2023
2023-09-20,Pasir Panjang T1-2,30,27,28.9,0.104,15606,9,2023
2023-09-20,Pasir Panjang T3-4,30,29,31.6,0.11,18328,9,2023
2023-09-20,Tuas,38,36,27.3,0.041,19656,9,2023
2023-09-21,Tanjong Pagar,18,14,30.3,0.086,8484,9,2023
2023-09-21,Keppel,24,23,35.6,0.115,16376,9,2023
2023-09-21,Brani,12,11,29.2,0.063,6424,9,2023
2023-09-21,Pasir Panjang T1-2,30,27,33.9,0.044,18306,9,2023
2023-09-21,Pasir Panjang T3-4,30,26,32.9,0.115,17108,9,2023
2023-09-21,Tuas,38,34,24.4,0.022,16592,9,2023
2023-09-22,Tanjong Pagar,18,14,34.5,0.066,9660,9,2023
2023-09-22,Keppel,24,23,30.3,0.07,13938,9,2023
2023-09-22,Brani,12,10,31.9,0.026,6380,9,2023
2023-09-22,Pasir Panjang T1-2,30,29,29.1,0.045,16878,9,2023
2023-09-22,Pasir Panjang T3-4,30,26,29.2,0.053,15183,9,2023
2023-09-22,Tuas,38,35,25.0,0.054,17500,9,2023
2023-09-23,Tanjong Pagar,18,14,31.1,0.047,8708,9,2023
2023-09-23,Keppel,24,23,33.9,0.112,15593,9,2023
2023-09-23,Brani,12,9,32.9,0.023,5921,9,2023
2023-09-23,Pasir Panjang T1-2,30,27,35.4,0.027,19116,9,2023
2023-09-23,Pasir Panjang T3-4,30,27,30.0,0.053,16200,9,2023
2023-09-23,Tuas,38,38,35.8,0.097,27207,9,2023
2023-09-24,Tanjong Pagar,18,16,31.9,0.086,10208,9,2023
2023-09-24,Keppel,24,23,31.2,0.101,14352,9,2023
2023-09-24,Brani,12,11,24.5,0.073,5390,9,2023
2023-09-24,Pasir Panjang T1-2,30,27,34.7,0.08,18738,9,2023
2023-09-24,Pasir Panjang T3-4,30,28,33.1,0.089,18536,9,2023
2023-09-24,Tuas,38,37,25.0,0.043,18500,9,2023
2023-09-25,Tanjong Pagar,18,17,34.0,0.089,11560,9,2023
2023-09-25,Keppel,24,21,32.2,0.047,13524,9,2023
2023-09-25,Brani,12,9,31.6,0.098,5688,9,2023
2023-09-25,Pasir Panjang T1-2,30,29,35.5,0.108,20590,9,2023
2023-09-25,Pasir Panjang T3-4,30,28,30.5,0.115,17080,9,2023
2023-09-25,Tuas,38,37,27.9,0.065,20646,9,2023
2023-09-26,Tanjong Pagar,18,17,32.7,0.074,11118,9,2023
2023-09-26,Keppel,24,21,28.6,0.043,12012,9,2023
2023-09-26,Brani,12,12,31.0,0.09,7440,9,2023
2023-09-26,Pasir Panjang T1-2,30,28,34.8,0.061,19487,9,2023
2023-09-26,Pasir Panjang T3-4,30,28,32.8,0.061,18367,9,2023
2023-09-26,Tuas,38,35,31.0,0.086,21700,9,2023
2023-09-27,Tanjong Pagar,18,14,32.8,0.112,9183,9,2023
2023-09-27,Keppel,24,20,25.3,0.087,10120,9,2023
2023-09-27,Brani,12,11,26.2,0.035,5764,9,2023
2023-09-27,Pasir Panjang T1-2,30,28,24.8,0.021,13888,9,2023
2023-09-27,Pasir Panjang T3-4,30,29,28.7,0.072,16646,9,2023
2023-09-27,Tuas,38,35,35.9,0.035,25130,9,2023
2023-09-28,Tanjong Pagar,18,18,35.4,0.102,12743,9,2023
2023-09-28,Keppel,24,23,27.4,0.063,12603,9,2023
2023-09-28,Brani,12,12,33.3,0.039,7991,9,2023
2023-09-28,Pasir Panjang T1-2,30,28,27.8,0.064,15568,9,2023
2023-09-28,Pasir Panjang T3-4,30,28,32.1,0.066,17976,9,2023
2023-09-28,Tuas,38,37,32.1,0.025,23754,9,2023
2023-09-29,Tanjong Pagar,18,18,32.2,0.03,11592,9,2023
2023-09-29,Keppel,24,22,32.1,0.091,14124,9,2023
2023-09-29,Brani,12,9,35.7,0.11,6426,9,2023
2023-09-29,Pasir Panjang T1-2,30,29,34.1,0.028,19778,9,2023
2023-09-29,Pasir Panjang T3-4,30,30,34.5,0.077,20700,9,2023
2023-09-29,Tuas,38,38,33.2,0.099,25232,9,2023
2023-09-30,Tanjong Pagar,18,14,32.0,0.082,8960,9,2023
2023-09-30,Keppel,24,24,30.3,0.094,14544,9,2023
2023-09-30,Brani,12,9,29.5,0.067,5310,9,2023
2023-09-30,Pasir Panjang T1-2,30,30,34.5,0.05,20700,9,2023
2023-09-30,Pasir Panjang T3-4,30,30,24.3,0.066,14580,9,2023
2023-09-30,Tuas,38,34,24.4,0.12,16592,9,2023
2023-10-01,Tanjong Pagar,18,18,26.7,0.053,9612,10,2023
2023-10-01,Keppel,24,23,28.3,0.028,13018,10,2023
2023-10-01,Brani,12,12,23.0,0.091,5520,10,2023
2023-10-01,Pasir Panjang T1-2,30,27,23.6,0.041,12744,10,2023
2023-10-01,Pasir Panjang T3-4,30,26,29.0,0.077,15080,10,2023
2023-10-01,Tuas,38,37,32.0,0.12,23680,10,2023
2023-10-02,Tanjong Pagar,18,14,28.6,0.082,8008,10,2023
2023-10-02,Keppel,24,21,30.7,0.021,12893,10,2023
2023-10-02,Brani,12,12,31.7,0.03,7608,10,2023
2023-10-02,Pasir Panjang T1-2,30,26,31.4,0.087,16328,10,2023
2023-10-02,Pasir Panjang T3-4,30,28,29.2,0.102,16352,10,2023
2023-10-02,Tuas,38,38,28.1,0.112,21356,10,2023
2023-10-03,Tanjong Pagar,18,14,29.8,0.109,8344,10,2023
2023-10-03,Keppel,24,20,29.6,0.101,11840,10,2023
2023-10-03,Brani,12,10,28.3,0.08,5660,10,2023
2023-10-03,Pasir Panjang T1-2,30,28,34.8,0.11,19487,10,2023
2023-10-03,Pasir Panjang T3-4,30,27,29.9,0.069,16146,10,2023
2023-10-03,Tuas,38,37,28.5,0.114,21090,10,2023
2023-10-04,Tanjong Pagar,18,16,26.5,0.111,8480,10,2023
2023-10-04,Keppel,24,23,24.0,0.032,11040,10,2023
2023-10-04,Brani,12,8,29.5,0.053,4720,10,2023
2023-10-04,Pasir Panjang T1-2,30,29,29.1,0.068,16878,10,2023
2023-10-04,Pasir Panjang T3-4,30,28,25.7,0.093,14392,10,2023
2023-10-04,Tuas,38,37,30.9,0.021,22866,10,2023
2023-10-05,Tanjong Pagar,18,17,24.0,0.069,8160,10,2023
2023-10-05,Keppel,24,22,26.8,0.072,11792,10,2023
2023-10-05,Brani,12,11,28.4,0.057,6248,10,2023
2023-10-05,Pasir Panjang T1-2,30,27,33.1,0.059,17874,10,2023
2023-10-05,Pasir Panjang T3-4,30,28,32.9,0.085,18424,10,2023
2023-10-05,Tuas,38,36,25.3,0.1,18216,10,2023
2023-10-06,Tanjong Pagar,18,17,29.7,0.078,10098,10,2023
2023-10-06,Keppel,24,23,30.6,0.068,14076,10,2023
2023-10-06,Brani,12,8,28.6,0.037,4576,10,2023
2023-10-06,Pasir Panjang T1-2,30,26,34.4,0.119,17888,10,2023
2023-10-06,Pasir Panjang T3-4,30,29,33.6,0.037,19488,10,2023
2023-10-06,Tuas,38,38,26.7,0.057,20292,10,2023
2023-10-07,Tanjong Pagar,18,17,31.3,0.045,10642,10,2023
2023-10-07,Keppel,24,22,30.3,0.093,13332,10,2023
2023-10-07,Brani,12,12,34.7,0.067,8328,10,2023
2023-10-07,Pasir Panjang T1-2,30,27,33.5,0.06,18090,10,2023
2023-10-07,Pasir Panjang T3-4,30,26,33.7,0.048,17524,10,2023
2023-10-07,Tuas,38,36,24.8,0.115,17856,10,2023
2023-10-08,Tanjong Pagar,18,15,27.4,0.07,8220,10,2023
2023-10-08,Keppel,24,22,30.0,0.093,13200,10,2023
2023-10-08,Brani,12,8,27.1,0.067,4336,10,2023
2023-10-08,Pasir Panjang T1-2,30,30,24.3,0.1,14580,10,2023
2023-10-08,Pasir Panjang T3-4,30,30,26.5,0.09,15900,10,2023
2023-10-08,Tuas,38,35,31.7,0.02,22190,10,2023
2023-10-09,Tanjong Pagar,18,14,27.0,0.097,7560,10,2023
2023-10-09,Keppel,24,24,28.9,0.046,13871,10,2023
2023-10-09,Brani,12,8,27.7,0.114,4432,10,2023
2023-10-09,Pasir Panjang T1-2,30,30,34.0,0.06,20400,10,2023
2023-10-09,Pasir Panjang T3-4,30,30,32.2,0.035,19320,10,2023
2023-10-09,Tuas,38,37,29.7,0.07,21977,10,2023
2023-10-10,Tanjong Pagar,18,18,33.9,0.052,12203,10,2023
2023-10-10,Keppel,24,20,35.7,0.059,14280,10,2023
2023-10-10,Brani,12,8,30.7,0.099,4912,10,2023
2023-10-10,Pasir Panjang T1-2,30,26,31.0,0.026,16120,10,2023
2023-10-10,Pasir Panjang T3-4,30,28,32.6,0.04,18256,10,2023
2023-10-10,Tuas,38,37,32.8,0.025,24272,10,2023
2023-10-11,Tanjong Pagar,18,16,27.8,0.074,8896,10,2023
2023-10-11,Keppel,24,23,27.4,0.069,12603,10,2023
2023-10-11,Brani,12,10,23.4,0.11,4680,10,2023
2023-10-11,Pasir Panjang T1-2,30,29,29.0,0.065,16820,10,2023
2023-10-11,Pasir Panjang T3-4,30,27,35.6,0.095,19224,10,2023
2023-10-11,Tuas,38,36,33.9,0.051,24407,10,2023
2023-10-12,Tanjong Pagar,18,14,29.9,0.115,8372,10,2023
2023-10-12,Keppel,24,24,25.5,0.112,12240,10,2023
2023-10-12,Brani,12,11,29.0,0.033,6380,10,2023
2023-10-12,Pasir Panjang T1-2,30,26,33.3,0.043,17316,10,2023
2023-10-12,Pasir Panjang T3-4,30,29,26.2,0.11,15196,10,2023
2023-10-12,Tuas,38,35,33.5,0.076,23450,10,2023
2023-10-13,Tanjong Pagar,18,17,25.9,0.078,8806,10,2023
2023-10-13,Keppel,24,23,28.7,0.059,13202,10,2023
2023-10-13,Brani,12,12,25.2,0.034,6048,10,2023
2023-10-13,Pasir Panjang T1-2,30,28,31.9,0.053,17864,10,2023
2023-10-13,Pasir Panjang T3-4,30,28,30.7,0.058,17192,10,2023
2023-10-13,Tuas,38,34,25.5,0.11,17340,10,2023
2023-10-14,Tanjong Pagar,18,17,35.6,0.118,12104,10,2023
2023-10-14,Keppel,24,23,23.5,0.109,10810,10,2023
2023-10-14,Brani,12,8,27.2,0.118,4352,10,2023
2023-10-14,Pasir Panjang T1-2,30,28,35.9,0.074,20104,10,2023
2023-10-14,Pasir Panjang T3-4,30,29,27.0,0.074,15660,10,2023
2023-10-14,Tuas,38,35,30.5,0.065,21350,10,2023
2023-10-15,Tanjong Pagar,18,18,27.5,0.105,9900,10,2023
2023-10-15,Keppel,24,22,30.2,0.057,13288,10,2023
2023-10-15,Brani,12,9,32.8,0.093,5904,10,2023
2023-10-15,Pasir Panjang T1-2,30,30,24.0,0.048,14400,10,2023
2023-10-15,Pasir Panjang T3-4,30,29,24.5,0.023,14210,10,2023
2023-10-15,Tuas,38,36,26.4,0.066,19008,10,2023
2023-10-16,Tanjong Pagar,18,16,34.2,0.097,10944,10,2023
2023-10-16,Keppel,24,21,33.3,0.036,13986,10,2023
2023-10-16,Brani,12,11,35.7,0.062,7854,10,2023
2023-10-16,Pasir Panjang T1-2,30,30,29.7,0.063,17820,10,2023
2023-10-16,Pasir Panjang T3-4,30,27,25.6,0.053,13824,10,2023
2023-10-16,Tuas,38,35,27.6,0.03,19320,10,2023
2023-10-17,Tanjong Pagar,18,16,31.1,0.082,9952,10,2023
2023-10-17,Keppel,24,20,25.3,0.045,10120,10,2023
2023-10-17,Brani,12,12,31.7,0.115,7608,10,2023
2023-10-17,Pasir Panjang T1-2,30,28,34.9,0.051,19544,10,2023
2023-10-17,Pasir Panjang T3-4,30,26,27.9,0.108,14508,10,2023
2023-10-17,Tuas,38,35,25.7,0.096,17990,10,2023
2023-10-18,Tanjong Pagar,18,14,29.8,0.066,8344,10,2023
2023-10-18,Keppel,24,21,32.5,0.087,13650,10,2023
2023-10-18,Brani,12,11,30.6,0.082,6732,10,2023
2023-10-18,Pasir Panjang T1-2,30,28,33.7,0.049,18872,10,2023
2023-10-18,Pasir Panjang T3-4,30,28,31.2,0.117,17472,10,2023
2023-10-18,Tuas,38,36,33.0,0.098,23760,10,2023
2023-10-19,Tanjong Pagar,18,15,32.2,0.03,9660,10,2023
2023-10-19,Keppel,24,20,23.6,0.064,9440,10,2023
2023-10-19,Brani,12,8,32.9,0.04,5264,10,2023
2023-10-19,Pasir Panjang T1-2,30,29,26.0,0.104,15080,10,2023
2023-10-19,Pasir Panjang T3-4,30,29,32.2,0.037,18676,10,2023
2023-10-19,Tuas,38,37,34.9,0.109,25826,10,2023
2023-10-20,Tanjong Pagar,18,14,31.8,0.107,8904,10,2023
2023-10-20,Keppel,24,21,32.9,0.072,13818,10,2023
2023-10-20,Brani,12,11,25.8,0.046,5676,10,2023
2023-10-20,Pasir Panjang T1-2,30,26,25.3,0.09,13156,10,2023
2023-10-20,Pasir Panjang T3-4,30,30,25.4,0.057,15240,10,2023
2023-10-20,Tuas,38,35,23.7,0.098,16590,10,2023
2023-10-21,Tanjong Pagar,18,14,31.7,0.02,8876,10,2023
2023-10-21,Keppel,24,23,25.2,0.116,11592,10,2023
2023-10-21,Brani,12,8,28.1,0.086,4496,10,2023
2023-10-21,Pasir Panjang T1-2,30,29,23.8,0.085,13804,10,2023
2023-10-21,Pasir Panjang T3-4,30,28,25.2,0.061,14112,10,2023
2023-10-21,Tuas,38,38,27.2,0.041,20672,10,2023
2023-10-22,Tanjong Pagar,18,17,35.4,0.072,12036,10,2023
2023-10-22,Keppel,24,22,23.3,0.098,10252,10,2023
2023-10-22,Brani,12,11,32.6,0.117,7172,10,2023
2023-10-22,Pasir Panjang T1-2,30,29,34.4,0.069,19952,10,2023
2023-10-22,Pasir Panjang T3-4,30,26,23.7,0.084,12323,10,2023
2023-10-22,Tuas,38,36,27.8,0.094,20016,10,2023
2023-10-23,Tanjong Pagar,18,18,28.7,0.078,10332,10,2023
2023-10-23,Keppel,24,22,26.7,0.061,11748,10,2023
2023-10-23,Brani,12,12,33.7,0.033,8088,10,2023
2023-10-23,Pasir Panjang T1-2,30,27,31.7,0.033,17118,10,2023
2023-10-23,Pasir Panjang T3-4,30,26,26.6,0.112,13832,10,2023
2023-10-23,Tuas,38,36,30.7,0.077,22104,10,2023
2023-10-24,Tanjong Pagar,18,18,31.1,0.028,11196,10,2023
2023-10-24,Keppel,24,23,30.7,0.1,14122,10,2023
2023-10-24,Brani,12,12,24.7,0.031,5928,10,2023
2023-10-24,Pasir Panjang T1-2,30,30,34.0,0.037,20400,10,2023
2023-10-24,Pasir Panjang T3-4,30,26,31.0,0.053,16120,10,2023
2023-10-24,Tuas,38,34,35.1,0.022,23868,10,2023
2023-10-25,Tanjong Pagar,18,14,24.3,0.095,6804,10,2023
2023-10-25,Keppel,24,22,35.9,0.094,15796,10,2023
2023-10-25,Brani,12,9,23.7,0.023,4266,10,2023
2023-10-25,Pasir Panjang T1-2,30,27,32.1,0.085,17334,10,2023
2023-10-25,Pasir Panjang T3-4,30,28,34.8,0.032,19487,10,2023
2023-10-25,Tuas,38,37,33.5,0.087,24790,10,2023
2023-10-26,Tanjong Pagar,18,15,23.9,0.062,7170,10,2023
2023-10-26,Keppel,24,22,26.1,0.101,11484,10,2023
2023-10-26,Brani,12,10,28.8,0.094,5760,10,2023
2023-10-26,Pasir Panjang T1-2,30,29,27.8,0.072,16124,10,2023
2023-10-26,Pasir Panjang T3-4,30,27,30.0,0.115,16200,10,2023
2023-10-26,Tuas,38,34,34.9,0.067,23732,10,2023
2023-10-27,Tanjong Pagar,18,15,26.2,0.102,7860,10,2023
2023-10-27,Keppel,24,22,24.2,0.12,10648,10,2023
2023-10-27,Brani,12,10,27.5,0.085,5500,10,2023
2023-10-27,Pasir Panjang T1-2,30,29,34.5,0.097,20010,10,2023
2023-10-27,Pasir Panjang T3-4,30,26,29.6,0.074,15392,10,2023
2023-10-27,Tuas,38,34,29.6,0.028,20128,10,2023
2023-10-28,Tanjong Pagar,18,14,34.3,0.036,9603,10,2023
2023-10-28,Keppel,24,20,25.8,0.058,10320,10,2023
2023-10-28,Brani,12,11,27.2,0.043,5984,10,2023
2023-10-28,Pasir Panjang T1-2,30,30,35.9,0.108,21540,10,2023
2023-10-28,Pasir Panjang T3-4,30,30,29.7,0.074,17820,10,2023
2023-10-28,Tuas,38,34,29.1,0.052,19788,10,2023
2023-10-29,Tanjong Pagar,18,15,27.9,0.097,8370,10,2023
2023-10-29,Keppel,24,23,23.6,0.046,10856,10,2023
2023-10-29,Brani,12,11,23.3,0.043,5126,10,2023
2023-10-29,Pasir Panjang T1-2,30,27,31.8,0.037,17172,10,2023
2023-10-29,Pasir Panjang T3-4,30,30,35.8,0.07,21480,10,2023
2023-10-29,Tuas,38,37,25.4,0.079,18796,10,2023
2023-10-30,Tanjong Pagar,18,17,23.4,0.071,7955,10,2023
2023-10-30,Keppel,24,21,31.0,0.03,13020,10,2023
2023-10-30,Brani,12,8,30.4,0.053,4864,10,2023
2023-10-30,Pasir Panjang T1-2,30,27,32.6,0.022,17604,10,2023
2023-10-30,Pasir Panjang T3-4,30,30,35.3,0.103,21180,10,2023
2023-10-30,Tuas,38,36,33.8,0.033,24336,10,2023
2023-10-31,Tanjong Pagar,18,14,32.3,0.095,9043,10,2023
2023-10-31,Keppel,24,20,25.7,0.048,10280,10,2023
2023-10-31,Brani,12,12,27.9,0.09,6695,10,2023
2023-10-31,Pasir Panjang T1-2,30,29,28.9,0.113,16762,10,2023
2023-10-31,Pasir Panjang T3-4,30,28,31.4,0.022,17584,10,2023
2023-10-31,Tuas,38,37,35.1,0.077,25974,10,2023
2023-11-01,Tanjong Pagar,18,14,30.9,0.094,8652,11,2023
2023-11-01,Keppel,24,20,35.3,0.051,14120,11,2023
2023-11-01,Brani,12,9,32.7,0.114,5886,11,2023
2023-11-01,Pasir Panjang T1-2,30,27,35.7,0.075,19278,11,2023
2023-11-01,Pasir Panjang T3-4,30,29,25.5,0.021,14790,11,2023
2023-11-01,Tuas,38,35,34.3,0.116,24010,11,2023
2023-11-02,Tanjong Pagar,18,14,33.1,0.083,9268,11,2023
2023-11-02,Keppel,24,23,34.5,0.054,15870,11,2023
2023-11-02,Brani,12,12,24.6,0.095,5904,11,2023
2023-11-02,Pasir Panjang T1-2,30,28,34.6,0.028,19376,11,2023
2023-11-02,Pasir Panjang T3-4,30,29,32.6,0.035,18908,11,2023
2023-11-02,Tuas,38,35,27.2,0.024,19040,11,2023
2023-11-03,Tanjong Pagar,18,18,35.5,0.063,12780,11,2023
2023-11-03,Keppel,24,21,28.3,0.117,11886,11,2023
2023-11-03,Brani,12,8,24.2,0.115,3872,11,2023
2023-11-03,Pasir Panjang T1-2,30,29,31.7,0.088,18386,11,2023
2023-11-03,Pasir Panjang T3-4,30,29,26.8,0.118,15544,11,2023
2023-11-03,Tuas,38,37,33.3,0.035,24642,11,2023
2023-11-04,Tanjong Pagar,18,18,23.7,0.021,8532,11,2023
2023-11-04,Keppel,24,22,31.8,0.051,13992,11,2023
2023-11-04,Brani,12,9,33.0,0.06,5940,11,2023
2023-11-04,Pasir Panjang T1-2,30,27,32.2,0.092,17388,11,2023
2023-11-04,Pasir Panjang T3-4,30,30,28.3,0.068,16980,11,2023
2023-11-04,Tuas,38,37,28.4,0.049,21016,11,2023
2023-11-05,Tanjong Pagar,18,18,24.2,0.026,8712,11,2023
2023-11-05,Keppel,24,20,26.9,0.074,10760,11,2023
2023-11-05,Brani,12,11,25.9,0.051,5698,11,2023
2023-11-05,Pasir Panjang T1-2,30,29,35.3,0.066,20474,11,2023
2023-11-05,Pasir Panjang T3-4,30,26,31.9,0.096,16588,11,2023
2023-11-05,Tuas,38,36,27.3,0.063,19656,11,2023
2023-11-06,Tanjong Pagar,18,14,31.2,0.115,8736,11,2023
2023-11-06,Keppel,24,21,25.7,0.118,10793,11,2023
2023-11-06,Brani,12,11,34.9,0.078,7678,11,2023
2023-11-06,Pasir Panjang T1-2,30,29,31.4,0.096,18212,11,2023
2023-11-06,Pasir Panjang T3-4,30,26,33.4,0.087,17368,11,2023
2023-11-06,Tuas,38,36,32.2,0.077,23184,11,2023
2023-11-07,Tanjong Pagar,18,15,34.8,0.115,10440,11,2023
2023-11-07,Keppel,24,21,24.1,0.05,10122,11,2023
2023-11-07,Brani,12,11,25.8,0.023,5676,11,2023
2023-11-07,Pasir Panjang T1-2,30,26,26.5,0.097,13780,11,2023
2023-11-07,Pasir Panjang T3-4,30,26,33.7,0.074,17524,11,2023
2023-11-07,Tuas,38,34,30.3,0.023,20604,11,2023
2023-11-08,Tanjong Pagar,18,17,32.7,0.069,11118,11,2023
2023-11-08,Keppel,24,22,30.9,0.048,13596,11,2023
2023-11-08,Brani,12,10,25.7,0.024,5140,11,2023
2023-11-08,Pasir Panjang T1-2,30,27,28.2,0.103,15228,11,2023
2023-11-08,Pasir Panjang T3-4,30,28,29.9,0.075,16744,11,2023
2023-11-08,Tuas,38,38,25.7,0.079,19532,11,2023
2023-11-09,Tanjong Pagar,18,16,30.3,0.082,9696,11,2023
2023-11-09,Keppel,24,22,35.8,0.065,15751,11,2023
2023-11-09,Brani,12,10,29.4,0.069,5880,11,2023
2023-11-09,Pasir Panjang T1-2,30,28,33.9,0.041,18984,11,2023
2023-11-09,Pasir Panjang T3-4,30,30,25.9,0.111,15540,11,2023
2023-11-09,Tuas,38,38,28.2,0.026,21432,11,2023
2023-11-10,Tanjong Pagar,18,16,34.6,0.09,11072,11,2023
2023-11-10,Keppel,24,23,24.5,0.055,11270,11,2023
2023-11-10,Brani,12,9,36.0,0.039,6480,11,2023
2023-11-10,Pasir Panjang T1-2,30,26,34.2,0.029,17784,11,2023
2023-11-10,Pasir Panjang T3-4,30,29,33.8,0.064,19604,11,2023
2023-11-10,Tuas,38,34,29.9,0.086,20332,11,2023
2023-11-11,Tanjong Pagar,18,15,28.6,0.034,8580,11,2023
2023-11-11,Keppel,24,20,26.2,0.094,10480,11,2023
2023-11-11,Brani,12,8,24.8,0.066,3968,11,2023
2023-11-11,Pasir Panjang T1-2,30,28,24.6,0.071,13776,11,2023
2023-11-11,Pasir Panjang T3-4,30,29,23.7,0.077,13746,11,2023
2023-11-11,Tuas,38,36,23.9,0.036,17208,11,2023
2023-11-12,Tanjong Pagar,18,17,23.0,0.113,7820,11,2023
2023-11-12,Keppel,24,22,26.5,0.04,11660,11,2023
2023-11-12,Brani,12,8,25.3,0.034,4048,11,2023
2023-11-12,Pasir Panjang T1-2,30,30,33.7,0.023,20220,11,2023
2023-11-12,Pasir Panjang T3-4,30,29,32.5,0.107,18850,11,2023
2023-11-12,Tuas,38,34,26.9,0.081,18292,11,2023
2023-11-13,Tanjong Pagar,18,15,29.6,0.114,8880,11,2023
2023-11-13,Keppel,24,24,23.9,0.043,11471,11,2023
2023-11-13,Brani,12,8,24.2,0.023,3872,11,2023
2023-11-13,Pasir Panjang T1-2,30,29,23.2,0.107,13456,11,2023
2023-11-13,Pasir Panjang T3-4,30,26,35.5,0.04,18460,11,2023
2023-11-13,Tuas,38,36,28.8,0.021,20736,11,2023
2023-11-14,Tanjong Pagar,18,17,33.5,0.092,11390,11,2023
2023-11-14,Keppel,24,21,33.4,0.114,14028,11,2023
2023-11-14,Brani,12,8,34.8,0.044,5568,11,2023
2023-11-14,Pasir Panjang T1-2,30,28,30.0,0.084,16800,11,2023
2023-11-14,Pasir Panjang T3-4,30,26,31.2,0.071,16223,11,2023
2023-11-14,Tuas,38,36,35.4,0.097,25487,11,2023
2023-11-15,Tanjong Pagar,18,15,27.7,0.043,8310,11,2023
2023-11-15,Keppel,24,23,30.1,0.058,13846,11,2023
2023-11-15,Brani,12,8,29.2,0.099,4672,11,2023
2023-11-15,Pasir Panjang T1-2,30,30,28.6,0.065,17160,11,2023
2023-11-15,Pasir Panjang T3-4,30,30,36.0,0.047,21600,11,2023
2023-11-15,Tuas,38,34,29.5,0.117,20060,11,2023
2023-11-16,Tanjong Pagar,18,17,23.3,0.033,7922,11,2023
2023-11-16,Keppel,24,21,31.9,0.078,13398,11,2023
2023-11-16,Brani,12,8,35.7,0.117,5712,11,2023
2023-11-16,Pasir Panjang T1-2,30,28,25.5,0.077,14280,11,2023
2023-11-16,Pasir Panjang T3-4,30,29,24.2,0.049,14036,11,2023
2023-11-16,Tuas,38,37,25.2,0.076,18648,11,2023
2023-11-17,Tanjong Pagar,18,17,32.4,0.028,11016,11,2023
2023-11-17,Keppel,24,23,25.7,0.09,11822,11,2023
2023-11-17,Brani,12,12,33.9,0.076,8135,11,2023
2023-11-17,Pasir Panjang T1-2,30,27,24.0,0.063,12960,11,2023
2023-11-17,Pasir Panjang T3-4,30,29,32.7,0.081,18966,11,2023
2023-11-17,Tuas,38,38,26.4,0.111,20064,11,2023
2023-11-18,Tanjong Pagar,18,14,27.0,0.075,7560,11,2023
2023-11-18,Keppel,24,20,27.5,0.101,11000,11,2023
2023-11-18,Brani,12,12,26.6,0.068,6384,11,2023
2023-11-18,Pasir Panjang T1-2,30,29,25.9,0.055,15021,11,2023
2023-11-18,Pasir Panjang T3-4,30,29,28.1,0.079,16298,11,2023
2023-11-18,Tuas,38,37,30.7,0.102,22717,11,2023
2023-11-19,Tanjong Pagar,18,16,25.5,0.116,8160,11,2023
2023-11-19,Keppel,24,21,28.6,0.025,12012,11,2023
2023-11-19,Brani,12,8,23.4,0.082,3744,11,2023
2023-11-19,Pasir Panjang T1-2,30,30,28.2,0.102,16920,11,2023
2023-11-19,Pasir Panjang T3-4,30,27,24.1,0.038,13014,11,2023
2023-11-19,Tuas,38,38,32.2,0.085,24472,11,2023
2023-11-20,Tanjong Pagar,18,17,27.1,0.06,9214,11,2023
2023-11-20,Keppel,24,20,25.6,0.079,10240,11,2023
2023-11-20,Brani,12,11,24.9,0.111,5478,11,2023
2023-11-20,Pasir Panjang T1-2,30,27,27.0,0.023,14580,11,2023
2023-11-20,Pasir Panjang T3-4,30,27,33.7,0.119,18198,11,2023
2023-11-20,Tuas,38,38,25.0,0.105,19000,11,2023
2023-11-21,Tanjong Pagar,18,17,27.0,0.048,9180,11,2023
2023-11-21,Keppel,24,22,23.7,0.045,10428,11,2023
2023-11-21,Brani,12,9,23.4,0.048,4212,11,2023
2023-11-21,Pasir Panjang T1-2,30,29,23.5,0.068,13630,11,2023
2023-11-21,Pasir Panjang T3-4,30,27,31.5,0.032,17010,11,2023
2023-11-21,Tuas,38,38,33.0,0.077,25080,11,2023
2023-11-22,Tanjong Pagar,18,16,35.2,0.024,11264,11,2023
2023-11-22,Keppel,24,22,23.9,0.097,10516,11,2023
2023-11-22,Brani,12,9,30.9,0.05,5561,11,2023
2023-11-22,Pasir Panjang T1-2,30,30,28.5,0.09,17100,11,2023
2023-11-22,Pasir Panjang T3-4,30,27,35.3,0.111,19062,11,2023
2023-11-22,Tuas,38,38,32.8,0.102,24927,11,2023
2023-11-23,Tanjong Pagar,18,14,35.9,0.033,10052,11,2023
2023-11-23,Keppel,24,22,27.2,0.096,11968,11,2023
2023-11-23,Brani,12,10,24.4,0.088,4880,11,2023
2023-11-23,Pasir Panjang T1-2,30,27,24.1,0.071,13014,11,2023
2023-11-23,Pasir Panjang T3-4,30,26,31.0,0.025,16120,11,2023
2023-11-23,Tuas,38,34,24.7,0.095,16796,11,2023
2023-11-24,Tanjong Pagar,18,17,30.6,0.072,10404,11,2023
2023-11-24,Keppel,24,20,29.3,0.071,11720,11,2023
2023-11-24,Brani,12,12,31.6,0.047,7584,11,2023
2023-11-24,Pasir Panjang T1-2,30,26,33.3,0.065,17316,11,2023
2023-11-24,Pasir Panjang T3-4,30,27,34.4,0.045,18576,11,2023
2023-11-24,Tuas,38,36,23.5,0.115,16920,11,2023
2023-11-25,Tanjong Pagar,18,16,31.6,0.11,10112,11,2023
2023-11-25,Keppel,24,21,35.7,0.055,14994,11,2023
2023-11-25,Brani,12,8,30.2,0.082,4832,11,2023
2023-11-25,Pasir Panjang T1-2,30,29,29.6,0.114,17168,11,2023
2023-11-25,Pasir Panjang T3-4,30,26,32.1,0.083,16692,11,2023
2023-11-25,Tuas,38,38,23.5,0.033,17860,11,2023
2023-11-26,Tanjong Pagar,18,14,23.1,0.033,6468,11,2023
2023-11-26,Keppel,24,22,26.4,0.048,11616,11,2023
2023-11-26,Brani,12,8,24.9,0.097,3984,11,2023
2023-11-26,Pasir Panjang T1-2,30,28,34.0,0.109,19040,11,2023
2023-11-26,Pasir Panjang T3-4,30,30,23.5,0.049,14100,11,2023
2023-11-26,Tuas,38,35,29.9,0.103,20930,11,2023
2023-11-27,Tanjong Pagar,18,15,34.3,0.031,10290,11,2023
2023-11-27,Keppel,24,24,26.3,0.098,12624,11,2023
2023-11-27,Brani,12,9,28.2,0.12,5076,11,2023
2023-11-27,Pasir Panjang T1-2,30,29,27.4,0.103,15891,11,2023
2023-11-27,Pasir Panjang T3-4,30,27,29.0,0.035,15660,11,2023
2023-11-27,Tuas,38,36,35.4,0.075,25487,11,2023
2023-11-28,Tanjong Pagar,18,18,33.1,0.048,11916,11,2023
2023-11-28,Keppel,24,22,24.2,0.032,10648,11,2023
2023-11-28,Brani,12,11,32.0,0.053,7040,11,2023
2023-11-28,Pasir Panjang T1-2,30,29,23.9,0.037,13861,11,2023
2023-11-28,Pasir Panjang T3-4,30,27,34.5,0.07,18630,11,2023
2023-11-28,Tuas,38,38,24.8,0.102,18848,11,2023
2023-11-29,Tanjong Pagar,18,16,28.7,0.081,9184,11,2023
2023-11-29,Keppel,24,22,31.7,0.047,13948,11,2023
2023-11-29,Brani,12,10,25.0,0.12,5000,11,2023
2023-11-29,Pasir Panjang T1-2,30,28,29.9,0.075,16744,11,2023
2023-11-29,Pasir Panjang T3-4,30,30,30.0,0.073,18000,11,2023
2023-11-29,Tuas,38,38,31.6,0.079,24016,11,2023
2023-11-30,Tanjong Pagar,18,15,23.2,0.09,6960,11,2023
2023-11-30,Keppel,24,22,29.3,0.027,12892,11,2023
2023-11-30,Brani,12,8,23.7,0.052,3792,11,2023
2023-11-30,Pasir Panjang T1-2,30,26,26.2,0.117,13623,11,2023
2023-11-30,Pasir Panjang T3-4,30,26,26.7,0.102,13883,11,2023
2023-11-30,Tuas,38,37,31.9,0.064,23606,11,2023
2023-12-01,Tanjong Pagar,18,18,23.4,0.078,8424,12,2023
2023-12-01,Keppel,24,24,31.8,0.102,15264,12,2023
2023-12-01,Brani,12,12,29.9,0.07,7175,12,2023
2023-12-01,Pasir Panjang T1-2,30,29,28.6,0.081,16588,12,2023
2023-12-01,Pasir Panjang T3-4,30,26,30.5,0.063,15860,12,2023
2023-12-01,Tuas,38,35,32.2,0.09,22540,12,2023
2023-12-02,Tanjong Pagar,18,16,26.3,0.051,8416,12,2023
2023-12-02,Keppel,24,24,31.2,0.035,14976,12,2023
2023-12-02,Brani,12,11,29.8,0.029,6556,12,2023
2023-12-02,Pasir Panjang T1-2,30,29,31.2,0.071,18096,12,2023
2023-12-02,Pasir Panjang T3-4,30,27,27.9,0.061,15066,12,2023
2023-12-02,Tuas,38,35,35.3,0.112,24710,12,2023
2023-12-03,Tanjong Pagar,18,14,29.2,0.041,8176,12,2023
2023-12-03,Keppel,24,20,26.5,0.081,10600,12,2023
2023-12-03,Brani,12,11,34.0,0.073,7480,12,2023
2023-12-03,Pasir Panjang T1-2,30,26,33.1,0.036,17212,12,2023
2023-12-03,Pasir Panjang T3-4,30,29,35.8,0.076,20763,12,2023
2023-12-03,Tuas,38,37,33.1,0.095,24494,12,2023
2023-12-04,Tanjong Pagar,18,17,32.6,0.067,11084,12,2023
2023-12-04,Keppel,24,22,32.1,0.031,14124,12,2023
2023-12-04,Brani,12,9,30.4,0.066,5471,12,2023
2023-12-04,Pasir Panjang T1-2,30,28,24.7,0.063,13832,12,2023
2023-12-04,Pasir Panjang T3-4,30,26,27.1,0.12,14092,12,2023
2023-12-04,Tuas,38,38,32.9,0.053,25004,12,2023
2023-12-05,Tanjong Pagar,18,16,25.6,0.031,8192,12,2023
2023-12-05,Keppel,24,23,33.3,0.096,15318,12,2023
2023-12-05,Brani,12,9,32.2,0.068,5796,12,2023
2023-12-05,Pasir Panjang T1-2,30,28,31.4,0.029,17584,12,2023
2023-12-05,Pasir Panjang T3-4,30,26,35.4,0.025,18408,12,2023
2023-12-05,Tuas,38,37,34.6,0.056,25604,12,2023
2023-12-06,Tanjong Pagar,18,14,32.0,0.11,8960,12,2023
2023-12-06,Keppel,24,21,25.1,0.063,10542,12,2023
2023-12-06,Brani,12,8,26.1,0.075,4176,12,2023
2023-12-06,Pasir Panjang T1-2,30,26,35.6,0.054,18512,12,2023
2023-12-06,Pasir Panjang T3-4,30,29,32.8,0.021,19024,12,2023
2023-12-06,Tuas,38,34,26.8,0.078,18224,12,2023
2023-12-07,Tanjong Pagar,18,15,32.0,0.052,9600,12,2023
2023-12-07,Keppel,24,20,25.5,0.027,10200,12,2023
2023-12-07,Brani,12,10,25.1,0.112,5020,12,2023
2023-12-07,Pasir Panjang T1-2,30,30,24.0,0.051,14400,12,2023
2023-12-07,Pasir Panjang T3-4,30,30,28.9,0.021,17340,12,2023
2023-12-07,Tuas,38,38,24.4,0.061,18544,12,2023
2023-12-08,Tanjong Pagar,18,17,23.5,0.111,7990,12,2023
2023-12-08,Keppel,24,24,28.6,0.076,13728,12,2023
2023-12-08,Brani,12,11,28.7,0.083,6314,12,2023
2023-12-08,Pasir Panjang T1-2,30,28,30.7,0.088,17192,12,2023
2023-12-08,Pasir Panjang T3-4,30,28,34.2,0.099,19152,12,2023
2023-12-08,Tuas,38,35,24.0,0.058,16800,12,2023
2023-12-09,Tanjong Pagar,18,18,24.6,0.089,8856,12,2023
2023-12-09,Keppel,24,21,35.5,0.032,14910,12,2023
2023-12-09,Brani,12,10,30.1,0.107,6020,12,2023
2023-12-09,Pasir Panjang T1-2,30,26,34.9,0.064,18148,12,2023
2023-12-09,Pasir Panjang T3-4,30,27,29.1,0.098,15714,12,2023
2023-12-09,Tuas,38,35,23.7,0.1,16590,12,2023
2023-12-10,Tanjong Pagar,18,14,28.6,0.118,8008,12,2023
2023-12-10,Keppel,24,20,34.5,0.031,13800,12,2023
2023-12-10,Brani,12,11,23.6,0.112,5192,12,2023
2023-12-10,Pasir Panjang T1-2,30,29,28.4,0.108,16472,12,2023
2023-12-10,Pasir Panjang T3-4,30,29,32.9,0.027,19082,12,2023
2023-12-10,Tuas,38,34,31.6,0.1,21488,12,2023
2023-12-11,Tanjong Pagar,18,15,34.4,0.113,10320,12,2023
2023-12-11,Keppel,24,22,28.1,0.106,12364,12,2023
2023-12-11,Brani,12,9,32.6,0.11,5868,12,2023
2023-12-11,Pasir Panjang T1-2,30,28,31.6,0.043,17696,12,2023
2023-12-11,Pasir Panjang T3-4,30,27,25.7,0.046,13878,12,2023
2023-12-11,Tuas,38,34,32.2,0.105,21896,12,2023
2023-12-12,Tanjong Pagar,18,14,35.8,0.028,10023,12,2023
2023-12-12,Keppel,24,20,30.6,0.078,12240,12,2023
2023-12-12,Brani,12,12,23.1,0.064,5544,12,2023
2023-12-12,Pasir Panjang T1-2,30,30,23.6,0.066,14160,12,2023
2023-12-12,Pasir Panjang T3-4,30,30,23.4,0.057,14040,12,2023
2023-12-12,Tuas,38,36,29.2,0.094,21024,12,2023
2023-12-13,Tanjong Pagar,18,14,31.5,0.095,8820,12,2023
2023-12-13,Keppel,24,22,35.2,0.06,15488,12,2023
2023-12-13,Brani,12,12,36.0,0.055,8640,12,2023
2023-12-13,Pasir Panjang T1-2,30,28,32.1,0.11,17976,12,2023
2023-12-13,Pasir Panjang T3-4,30,28,25.6,0.074,14336,12,2023
2023-12-13,Tuas,38,34,33.2,0.077,22576,12,2023
2023-12-14,Tanjong Pagar,18,17,29.4,0.054,9996,12,2023
2023-12-14,Keppel,24,20,27.4,0.026,10960,12,2023
2023-12-14,Brani,12,11,33.3,0.024,7325,12,2023
2023-12-14,Pasir Panjang T1-2,30,30,28.3,0.031,16980,12,2023
2023-12-14,Pasir Panjang T3-4,30,27,25.8,0.025,13932,12,2023
2023-12-14,Tuas,38,36,33.8,0.049,24336,12,2023
2023-12-15,Tanjong Pagar,18,14,27.1,0.105,7588,12,2023
2023-12-15,Keppel,24,24,24.6,0.063,11808,12,2023
2023-12-15,Brani,12,8,27.0,0.034,4320,12,2023
2023-12-15,Pasir Panjang T1-2,30,30,30.5,0.059,18300,12,2023
2023-12-15,Pasir Panjang T3-4,30,27,23.6,0.105,12744,12,2023
2023-12-15,Tuas,38,34,33.5,0.033,22780,12,2023
2023-12-16,Tanjong Pagar,18,17,24.5,0.037,8330,12,2023
2023-12-16,Keppel,24,24,33.4,0.067,16031,12,2023
2023-12-16,Brani,12,11,23.9,0.096,5258,12,2023
2023-12-16,Pasir Panjang T1-2,30,27,26.4,0.11,14256,12,2023
2023-12-16,Pasir Panjang T3-4,30,26,25.9,0.08,13468,12,2023
2023-12-16,Tuas,38,34,29.9,0.088,20332,12,2023
2023-12-17,Tanjong Pagar,18,14,29.1,0.057,8148,12,2023
2023-12-17,Keppel,24,22,25.4,0.096,11176,12,2023
2023-12-17,Brani,12,12,27.6,0.026,6624,12,2023
2023-12-17,Pasir Panjang T1-2,30,29,30.8,0.085,17864,12,2023
2023-12-17,Pasir Panjang T3-4,30,28,23.8,0.025,13328,12,2023
2023-12-17,Tuas,38,38,32.5,0.12,24700,12,2023
2023-12-18,Tanjong Pagar,18,14,33.4,0.111,9352,12,2023
2023-12-18,Keppel,24,24,28.4,0.033,13631,12,2023
2023-12-18,Brani,12,10,30.4,0.025,6080,12,2023
2023-12-18,Pasir Panjang T1-2,30,27,30.9,0.09,16686,12,2023
2023-12-18,Pasir Panjang T3-4,30,28,31.5,0.108,17640,12,2023
2023-12-18,Tuas,38,35,29.5,0.067,20650,12,2023
2023-12-19,Tanjong Pagar,18,18,28.1,0.1,10116,12,2023
2023-12-19,Keppel,24,24,34.0,0.041,16320,12,2023
2023-12-19,Brani,12,11,25.6,0.095,5632,12,2023
2023-12-19,Pasir Panjang T1-2,30,29,27.4,0.068,15891,12,2023
2023-12-19,Pasir Panjang T3-4,30,27,31.7,0.114,17118,12,2023
2023-12-19,Tuas,38,34,30.2,0.084,20536,12,2023
2023-12-20,Tanjong Pagar,18,16,29.0,0.092,9280,12,2023
2023-12-20,Keppel,24,23,33.4,0.052,15363,12,2023
2023-12-20,Brani,12,11,30.0,0.09,6600,12,2023
2023-12-20,Pasir Panjang T1-2,30,30,33.5,0.023,20100,12,2023
2023-12-20,Pasir Panjang T3-4,30,28,33.7,0.029,18872,12,2023
2023-12-20,Tuas,38,38,23.9,0.029,18164,12,2023
2023-12-21,Tanjong Pagar,18,16,31.0,0.026,9920,12,2023
2023-12-21,Keppel,24,24,35.1,0.087,16848,12,2023
2023-12-21,Brani,12,8,32.0,0.115,5120,12,2023
2023-12-21,Pasir Panjang T1-2,30,27,24.2,0.104,13068,12,2023
2023-12-21,Pasir Panjang T3-4,30,28,27.5,0.083,15400,12,2023
2023-12-21,Tuas,38,36,32.4,0.109,23327,12,2023
2023-12-22,Tanjong Pagar,18,14,33.1,0.088,9268,12,2023
2023-12-22,Keppel,24,22,23.9,0.089,10516,12,2023
2023-12-22,Brani,12,11,27.6,0.022,6072,12,2023
2023-12-22,Pasir Panjang T1-2,30,29,27.2,0.1,15776,12,2023
2023-12-22,Pasir Panjang T3-4,30,27,28.7,0.109,15498,12,2023
2023-12-22,Tuas,38,38,33.3,0.082,25307,12,2023
2023-12-23,Tanjong Pagar,18,17,31.3,0.076,10642,12,2023
2023-12-23,Keppel,24,24,28.2,0.048,13536,12,2023
2023-12-23,Brani,12,11,30.6,0.063,6732,12,2023
2023-12-23,Pasir Panjang T1-2,30,26,27.6,0.046,14352,12,2023
2023-12-23,Pasir Panjang T3-4,30,30,35.2,0.049,21120,12,2023
2023-12-23,Tuas,38,37,25.6,0.066,18944,12,2023
2023-12-24,Tanjong Pagar,18,16,32.8,0.025,10496,12,2023
2023-12-24,Keppel,24,22,29.9,0.113,13156,12,2023
2023-12-24,Brani,12,9,27.9,0.02,5022,12,2023
2023-12-24,Pasir Panjang T1-2,30,30,32.5,0.044,19500,12,2023
2023-12-24,Pasir Panjang T3-4,30,27,29.1,0.082,15714,12,2023
2023-12-24,Tuas,38,37,27.5,0.028,20350,12,2023
2023-12-25,Tanjong Pagar,18,14,34.4,0.093,9632,12,2023
2023-12-25,Keppel,24,24,25.8,0.111,12384,12,2023
2023-12-25,Brani,12,11,27.9,0.112,6138,12,2023
2023-12-25,Pasir Panjang T1-2,30,26,27.6,0.024,14352,12,2023
2023-12-25,Pasir Panjang T3-4,30,26,33.1,0.064,17212,12,2023
2023-12-25,Tuas,38,37,32.8,0.087,24272,12,2023
2023-12-26,Tanjong Pagar,18,17,25.7,0.072,8738,12,2023
2023-12-26,Keppel,24,21,26.9,0.079,11298,12,2023
2023-12-26,Brani,12,8,25.3,0.077,4048,12,2023
2023-12-26,Pasir Panjang T1-2,30,30,25.3,0.021,15180,12,2023
2023-12-26,Pasir Panjang T3-4,30,28,33.0,0.04,18480,12,2023
2023-12-26,Tuas,38,38,25.9,0.025,19684,12,2023
2023-12-27,Tanjong Pagar,18,18,35.2,0.048,12672,12,2023
2023-12-27,Keppel,24,22,28.7,0.042,12628,12,2023
2023-12-27,Brani,12,9,35.6,0.066,6408,12,2023
2023-12-27,Pasir Panjang T1-2,30,30,25.3,0.097,15180,12,2023
2023-12-27,Pasir Panjang T3-4,30,28,24.7,0.111,13832,12,2023
2023-12-27,Tuas,38,37,35.3,0.028,26122,12,2023
2023-12-28,Tanjong Pagar,18,16,34.4,0.044,11008,12,2023
2023-12-28,Keppel,24,20,29.1,0.067,11640,12,2023
2023-12-28,Brani,12,11,29.9,0.039,6578,12,2023
2023-12-28,Pasir Panjang T1-2,30,27,35.4,0.023,19116,12,2023
2023-12-28,Pasir Panjang T3-4,30,29,35.1,0.073,20358,12,2023
2023-12-28,Tuas,38,37,34.8,0.103,25752,12,2023
2023-12-29,Tanjong Pagar,18,17,24.6,0.064,8364,12,2023
2023-12-29,Keppel,24,20,28.5,0.116,11400,12,2023
2023-12-29,Brani,12,10,32.9,0.024,6580,12,2023
2023-12-29,Pasir Panjang T1-2,30,28,32.5,0.104,18200,12,2023
2023-12-29,Pasir Panjang T3-4,30,30,29.2,0.073,17520,12,2023
2023-12-29,Tuas,38,35,25.7,0.058,17990,12,2023
2023-12-30,Tanjong Pagar,18,14,25.4,0.119,7111,12,2023
2023-12-30,Keppel,24,22,27.4,0.068,12056,12,2023
2023-12-30,Brani,12,8,35.4,0.094,5664,12,2023
2023-12-30,Pasir Panjang T1-2,30,26,24.0,0.072,12480,12,2023
2023-12-30,Pasir Panjang T3-4,30,27,33.4,0.034,18036,12,2023
2023-12-30,Tuas,38,36,26.5,0.095,19080,12,2023
2023-12-31,Tanjong Pagar,18,15,33.5,0.105,10050,12,2023
2023-12-31,Keppel,24,20,27.1,0.1,10840,12,2023
2023-12-31,Brani,12,8,30.2,0.036,4832,12,2023
2023-12-31,Pasir Panjang T1-2,30,27,27.9,0.037,15066,12,2023
2023-12-31,Pasir Panjang T3-4,30,29,30.2,0.024,17516,12,2023
2023-12-31,Tuas,38,37,34.5,0.089,25530,12,2023
2024-01-01,Tanjong Pagar,18,15,33.7,0.051,10110,1,2024
2024-01-01,Keppel,24,20,23.9,0.033,9560,1,2024
2024-01-01,Brani,12,8,31.3,0.119,5008,1,2024
2024-01-01,Pasir Panjang T1-2,30,30,35.4,0.043,21240,1,2024
2024-01-01,Pasir Panjang T3-4,30,30,32.4,0.064,19440,1,2024
2024-01-01,Tuas,38,35,24.7,0.054,17290,1,2024
2024-01-02,Tanjong Pagar,18,14,27.0,0.055,7560,1,2024
2024-01-02,Keppel,24,20,24.6,0.08,9840,1,2024
2024-01-02,Brani,12,10,34.5,0.119,6900,1,2024
2024-01-02,Pasir Panjang T1-2,30,27,25.8,0.118,13932,1,2024
2024-01-02,Pasir Panjang T3-4,30,29,25.2,0.068,14616,1,2024
2024-01-02,Tuas,38,35,26.5,0.065,18550,1,2024
2024-01-03,Tanjong Pagar,18,14,32.1,0.113,8988,1,2024
2024-01-03,Keppel,24,20,34.7,0.095,13880,1,2024
2024-01-03,Brani,12,10,34.7,0.04,6940,1,2024
2024-01-03,Pasir Panjang T1-2,30,29,31.4,0.042,18212,1,2024
2024-01-03,Pasir Panjang T3-4,30,29,34.5,0.058,20010,1,2024
2024-01-03,Tuas,38,37,27.7,0.102,20497,1,2024
2024-01-04,Tanjong Pagar,18,16,33.7,0.058,10784,1,2024
2024-01-04,Keppel,24,22,25.9,0.066,11396,1,2024
2024-01-04,Brani,12,8,31.4,0.042,5024,1,2024
2024-01-04,Pasir Panjang T1-2,30,29,32.5,0.027,18850,1,2024
2024-01-04,Pasir Panjang T3-4,30,27,26.1,0.026,14094,1,2024
2024-01-04,Tuas,38,38,35.2,0.101,26752,1,2024
2024-01-05,Tanjong Pagar,18,15,32.3,0.092,9689,1,2024
2024-01-05,Keppel,24,22,31.1,0.056,13684,1,2024
2024-01-05,Brani,12,11,33.7,0.054,7414,1,2024
2024-01-05,Pasir Panjang T1-2,30,27,35.9,0.106,19386,1,2024
2024-01-05,Pasir Panjang T3-4,30,27,28.5,0.039,15390,1,2024
2024-01-05,Tuas,38,35,30.2,0.046,21140,1,2024
2024-01-06,Tanjong Pagar,18,18,31.6,0.044,11376,1,2024
2024-01-06,Keppel,24,23,27.5,0.117,12650,1,2024
2024-01-06,Brani,12,8,29.1,0.063,4656,1,2024
2024-01-06,Pasir Panjang T1-2,30,29,33.0,0.105,19140,1,2024
2024-01-06,Pasir Panjang T3-4,30,26,32.3,0.028,16796,1,2024
2024-01-06,Tuas,38,37,34.2,0.087,25308,1,2024
2024-01-07,Tanjong Pagar,18,18,28.6,0.075,10296,1,2024
2024-01-07,Keppel,24,22,24.5,0.025,10780,1,2024
2024-01-07,Brani,12,8,26.0,0.062,4160,1,2024
2024-01-07,Pasir Panjang T1-2,30,26,29.4,0.118,15288,1,2024
2024-01-07,Pasir Panjang T3-4,30,27,35.5,0.06,19170,1,2024
2024-01-07,Tuas,38,36,34.2,0.116,24624,1,2024
2024-01-08,Tanjong Pagar,18,18,24.7,0.075,8892,1,2024
2024-01-08,Keppel,24,23,29.3,0.108,13478,1,2024
2024-01-08,Brani,12,9,35.6,0.1,6408,1,2024
2024-01-08,Pasir Panjang T1-2,30,26,33.1,0.093,17212,1,2024
2024-01-08,Pasir Panjang T3-4,30,29,24.1,0.12,13978,1,2024
2024-01-08,Tuas,38,35,33.2,0.058,23240,1,2024
2024-01-09,Tanjong Pagar,18,14,24.3,0.069,6804,1,2024
2024-01-09,Keppel,24,23,31.0,0.109,14260,1,2024
2024-01-09,Brani,12,8,23.7,0.076,3792,1,2024
2024-01-09,Pasir Panjang T1-2,30,26,32.9,0.045,17108,1,2024
2024-01-09,Pasir Panjang T3-4,30,26,28.0,0.092,14560,1,2024
2024-01-09,Tuas,38,36,29.1,0.031,20952,1,2024
2024-01-10,Tanjong Pagar,18,18,33.2,0.04,11952,1,2024
2024-01-10,Keppel,24,24,23.8,0.083,11424,1,2024
2024-01-10,Brani,12,8,23.2,0.087,3712,1,2024
2024-01-10,Pasir Panjang T1-2,30,30,32.7,0.033,19620,1,2024
2024-01-10,Pasir Panjang T3-4,30,29,23.4,0.045,13571,1,2024
2024-01-10,Tuas,38,36,23.8,0.055,17136,1,2024
2024-01-11,Tanjong Pagar,18,14,23.9,0.105,6691,1,2024
2024-01-11,Keppel,24,23,23.9,0.092,10993,1,2024
2024-01-11,Brani,12,10,26.3,0.061,5260,1,2024
2024-01-11,Pasir Panjang T1-2,30,28,30.5,0.091,17080,1,2024
2024-01-11,Pasir Panjang T3-4,30,26,24.0,0.05,12480,1,2024
2024-01-11,Tuas,38,34,23.2,0.096,15776,1,2024
2024-01-12,Tanjong Pagar,18,14,32.7,0.076,9156,1,2024
2024-01-12,Keppel,24,20,32.0,0.028,12800,1,2024
2024-01-12,Brani,12,9,34.6,0.105,6228,1,2024
2024-01-12,Pasir Panjang T1-2,30,26,29.9,0.02,15548,1,2024
2024-01-12,Pasir Panjang T3-4,30,30,24.9,0.064,14940,1,2024
2024-01-12,Tuas,38,34,33.9,0.021,23052,1,2024
2024-01-13,Tanjong Pagar,18,16,33.4,0.094,10688,1,2024
2024-01-13,Keppel,24,23,27.0,0.083,12420,1,2024
2024-01-13,Brani,12,9,32.1,0.093,5778,1,2024
2024-01-13,Pasir Panjang T1-2,30,28,34.9,0.116,19544,1,2024
2024-01-13,Pasir Panjang T3-4,30,30,35.5,0.098,21300,1,2024
2024-01-13,Tuas,38,35,30.6,0.025,21420,1,2024
2024-01-14,Tanjong Pagar,18,16,25.0,0.056,8000,1,2024
2024-01-14,Keppel,24,20,30.5,0.025,12200,1,2024
2024-01-14,Brani,12,11,30.3,0.047,6666,1,2024
2024-01-14,Pasir Panjang T1-2,30,26,29.5,0.075,15340,1,2024
2024-01-14,Pasir Panjang T3-4,30,29,24.2,0.072,14036,1,2024
2024-01-14,Tuas,38,36,30.3,0.064,21816,1,2024
2024-01-15,Tanjong Pagar,18,14,24.4,0.094,6831,1,2024
2024-01-15,Keppel,24,23,34.8,0.094,16008,1,2024
2024-01-15,Brani,12,8,29.6,0.108,4736,1,2024
2024-01-15,Pasir Panjang T1-2,30,29,34.5,0.057,20010,1,2024
2024-01-15,Pasir Panjang T3-4,30,28,28.2,0.042,15792,1,2024
2024-01-15,Tuas,38,36,24.4,0.07,17568,1,2024
2024-01-16,Tanjong Pagar,18,15,25.9,0.091,7770,1,2024
2024-01-16,Keppel,24,21,30.0,0.078,12600,1,2024
2024-01-16,Brani,12,10,25.5,0.07,5100,1,2024
2024-01-16,Pasir Panjang T1-2,30,29,30.7,0.033,17806,1,2024
2024-01-16,Pasir Panjang T3-4,30,30,29.5,0.026,17700,1,2024
2024-01-16,Tuas,38,38,35.6,0.097,27056,1,2024
2024-01-17,Tanjong Pagar,18,16,29.5,0.085,9440,1,2024
2024-01-17,Keppel,24,23,31.6,0.068,14536,1,2024
2024-01-17,Brani,12,11,23.4,0.109,5148,1,2024
2024-01-17,Pasir Panjang T1-2,30,27,23.7,0.078,12798,1,2024
2024-01-17,Pasir Panjang T3-4,30,29,23.5,0.094,13630,1,2024
2024-01-17,Tuas,38,35,26.4,0.087,18480,1,2024
2024-01-18,Tanjong Pagar,18,17,33.6,0.083,11424,1,2024
2024-01-18,Keppel,24,22,27.6,0.091,12144,1,2024
2024-01-18,Brani,12,9,29.0,0.103,5220,1,2024
2024-01-18,Pasir Panjang T1-2,30,29,35.1,0.052,20358,1,2024
2024-01-18,Pasir Panjang T3-4,30,30,26.4,0.052,15840,1,2024
2024-01-18,Tuas,38,34,28.9,0.024,19652,1,2024
2024-01-19,Tanjong Pagar,18,15,28.7,0.084,8610,1,2024
2024-01-19,Keppel,24,20,34.2,0.03,13680,1,2024
2024-01-19,Brani,12,12,28.5,0.029,6840,1,2024
2024-01-19,Pasir Panjang T1-2,30,26,25.0,0.03,13000,1,2024
2024-01-19,Pasir Panjang T3-4,30,29,30.5,0.069,17690,1,2024
2024-01-19,Tuas,38,36,30.6,0.105,22032,1,2024
2024-01-20,Tanjong Pagar,18,16,25.6,0.054,8192,1,2024
2024-01-20,Keppel,24,23,30.2,0.078,13892,1,2024
2024-01-20,Brani,12,10,30.2,0.075,6040,1,2024
2024-01-20,Pasir Panjang T1-2,30,29,23.9,0.059,13861,1,2024
2024-01-20,Pasir Panjang T3-4,30,29,28.3,0.048,16414,1,2024
2024-01-20,Tuas,38,34,31.9,0.031,21692,1,2024
2024-01-21,Tanjong Pagar,18,15,34.7,0.057,10410,1,2024
2024-01-21,Keppel,24,22,26.6,0.093,11704,1,2024
2024-01-21,Brani,12,9,34.7,0.096,6246,1,2024
2024-01-21,Pasir Panjang T1-2,30,30,28.0,0.047,16800,1,2024
2024-01-21,Pasir Panjang T3-4,30,27,31.1,0.022,16794,1,2024
2024-01-21,Tuas,38,36,27.2,0.057,19584,1,2024
2024-01-22,Tanjong Pagar,18,16,24.2,0.111,7744,1,2024
2024-01-22,Keppel,24,22,35.3,0.106,15531,1,2024
2024-01-22,Brani,12,12,24.7,0.101,5928,1,2024
2024-01-22,Pasir Panjang T1-2,30,30,27.6,0.036,16560,1,2024
2024-01-22,Pasir Panjang T3-4,30,26,33.3,0.045,17316,1,2024
2024-01-22,Tuas,38,37,25.4,0.032,18796,1,2024
2024-01-23,Tanjong Pagar,18,17,29.7,0.095,10098,1,2024
2024-01-23,Keppel,24,23,27.6,0.065,12696,1,2024
2024-01-23,Brani,12,8,30.5,0.088,4880,1,2024
2024-01-23,Pasir Panjang T1-2,30,26,35.1,0.115,18252,1,2024
2024-01-23,Pasir Panjang T3-4,30,28,30.0,0.082,16800,1,2024
2024-01-23,Tuas,38,35,25.9,0.038,18130,1,2024
2024-01-24,Tanjong Pagar,18,17,30.3,0.118,10302,1,2024
2024-01-24,Keppel,24,20,25.4,0.105,10160,1,2024
2024-01-24,Brani,12,12,32.3,0.065,7751,1,2024
2024-01-24,Pasir Panjang T1-2,30,26,23.2,0.113,12063,1,2024
2024-01-24,Pasir Panjang T3-4,30,26,27.1,0.023,14092,1,2024
2024-01-24,Tuas,38,34,35.5,0.085,24140,1,2024
2024-01-25,Tanjong Pagar,18,17,32.1,0.118,10914,1,2024
2024-01-25,Keppel,24,20,29.8,0.046,11920,1,2024
2024-01-25,Brani,12,12,31.0,0.069,7440,1,2024
2024-01-25,Pasir Panjang T1-2,30,28,34.5,0.078,19320,1,2024
2024-01-25,Pasir Panjang T3-4,30,29,32.2,0.064,18676,1,2024
2024-01-25,Tuas,38,37,27.9,0.091,20646,1,2024
2024-01-26,Tanjong Pagar,18,18,30.4,0.058,10943,1,2024
2024-01-26,Keppel,24,20,28.3,0.104,11320,1,2024
2024-01-26,Brani,12,12,27.5,0.079,6600,1,2024
2024-01-26,Pasir Panjang T1-2,30,26,26.9,0.112,13988,1,2024
2024-01-26,Pasir Panjang T3-4,30,26,28.3,0.085,14716,1,2024
2024-01-26,Tuas,38,36,30.1,0.042,21672,1,2024
2024-01-27,Tanjong Pagar,18,16,35.0,0.069,11200,1,2024
2024-01-27,Keppel,24,21,27.5,0.115,11550,1,2024
2024-01-27,Brani,12,11,32.0,0.048,7040,1,2024
2024-01-27,Pasir Panjang T1-2,30,29,25.6,0.066,14848,1,2024
2024-01-27,Pasir Panjang T3-4,30,30,33.2,0.042,19920,1,2024
2024-01-27,Tuas,38,36,30.8,0.066,22176,1,2024
2024-01-28,Tanjong Pagar,18,16,35.2,0.037,11264,1,2024
2024-01-28,Keppel,24,23,34.1,0.1,15686,1,2024
2024-01-28,Brani,12,8,25.0,0.094,4000,1,2024
2024-01-28,Pasir Panjang T1-2,30,29,27.9,0.117,16181,1,2024
2024-01-28,Pasir Panjang T3-4,30,28,25.0,0.097,14000,1,2024
2024-01-28,Tuas,38,36,33.2,0.063,23904,1,2024
2024-01-29,Tanjong Pagar,18,15,31.2,0.087,9360,1,2024
2024-01-29,Keppel,24,24,27.8,0.042,13344,1,2024
2024-01-29,Brani,12,12,32.9,0.117,7895,1,2024
2024-01-29,Pasir Panjang T1-2,30,26,30.5,0.065,15860,1,2024
2024-01-29,Pasir Panjang T3-4,30,26,34.7,0.11,18044,1,2024
2024-01-29,Tuas,38,34,28.4,0.093,19312,1,2024
2024-01-30,Tanjong Pagar,18,14,24.2,0.075,6776,1,2024
2024-01-30,Keppel,24,23,26.5,0.087,12190,1,2024
2024-01-30,Brani,12,8,32.7,0.067,5232,1,2024
2024-01-30,Pasir Panjang T1-2,30,26,33.6,0.099,17472,1,2024
2024-01-30,Pasir Panjang T3-4,30,28,23.5,0.097,13160,1,2024
2024-01-30,Tuas,38,37,30.9,0.033,22866,1,2024
2024-01-31,Tanjong Pagar,18,16,36.0,0.11,11520,1,2024
2024-01-31,Keppel,24,21,27.0,0.07,11340,1,2024
2024-01-31,Brani,12,10,35.8,0.117,7160,1,2024
2024-01-31,Pasir Panjang T1-2,30,26,24.5,0.054,12740,1,2024
2024-01-31,Pasir Panjang T3-4,30,26,33.5,0.066,17420,1,2024
2024-01-31,Tuas,38,34,35.3,0.034,24003,1,2024
2024-02-01,Tanjong Pagar,18,17,35.1,0.113,11934,2,2024
2024-02-01,Keppel,24,20,34.1,0.048,13640,2,2024
2024-02-01,Brani,12,9,24.7,0.065,4446,2,2024
2024-02-01,Pasir Panjang T1-2,30,30,27.2,0.103,16320,2,2024
2024-02-01,Pasir Panjang T3-4,30,27,28.8,0.08,15552,2,2024
2024-02-01,Tuas,38,37,34.6,0.028,25604,2,2024
2024-02-02,Tanjong Pagar,18,18,35.6,0.035,12816,2,2024
2024-02-02,Keppel,24,24,33.9,0.034,16271,2,2024
2024-02-02,Brani,12,11,28.9,0.083,6358,2,2024
2024-02-02,Pasir Panjang T1-2,30,27,28.9,0.046,15606,2,2024
2024-02-02,Pasir Panjang T3-4,30,30,33.2,0.03,19920,2,2024
2024-02-02,Tuas,38,35,29.5,0.091,20650,2,2024
2024-02-03,Tanjong Pagar,18,17,29.8,0.032,10132,2,2024
2024-02-03,Keppel,24,20,25.2,0.039,10080,2,2024
2024-02-03,Brani,12,10,27.4,0.104,5480,2,2024
2024-02-03,Pasir Panjang T1-2,30,30,35.8,0.06,21480,2,2024
2024-02-03,Pasir Panjang T3-4,30,29,33.8,0.072,19604,2,2024
2024-02-03,Tuas,38,38,34.0,0.073,25840,2,2024
2024-02-04,Tanjong Pagar,18,18,35.9,0.046,12923,2,2024
2024-02-04,Keppel,24,20,33.5,0.022,13400,2,2024
2024-02-04,Brani,12,9,28.9,0.089,5201,2,2024
2024-02-04,Pasir Panjang T1-2,30,26,29.3,0.085,15236,2,2024
2024-02-04,Pasir Panjang T3-4,30,27,28.0,0.105,15120,2,2024
2024-02-04,Tuas,38,36,23.5,0.097,16920,2,2024
2024-02-05,Tanjong Pagar,18,15,26.6,0.024,7980,2,2024
2024-02-05,Keppel,24,23,26.6,0.086,12236,2,2024
2024-02-05,Brani,12,11,26.3,0.023,5786,2,2024
2024-02-05,Pasir Panjang T1-2,30,30,28.0,0.105,16800,2,2024
2024-02-05,Pasir Panjang T3-4,30,30,23.5,0.102,14100,2,2024
2024-02-05,Tuas,38,34,33.6,0.051,22848,2,2024
2024-02-06,Tanjong Pagar,18,15,28.5,0.072,8550,2,2024
2024-02-06,Keppel,24,24,35.7,0.066,17136,2,2024
2024-02-06,Brani,12,10,27.6,0.053,5520,2,2024
2024-02-06,Pasir Panjang T1-2,30,30,24.8,0.097,14880,2,2024
2024-02-06,Pasir Panjang T3-4,30,27,28.9,0.079,15606,2,2024
2024-02-06,Tuas,38,36,34.3,0.05,24696,2,2024
2024-02-07,Tanjong Pagar,18,15,31.7,0.075,9510,2,2024
2024-02-07,Keppel,24,24,29.1,0.088,13968,2,2024
2024-02-07,Brani,12,10,26.3,0.039,5260,2,2024
2024-02-07,Pasir Panjang T1-2,30,29,28.4,0.092,16472,2,2024
2024-02-07,Pasir Panjang T3-4,30,27,26.8,0.029,14472,2,2024
2024-02-07,Tuas,38,38,27.5,0.102,20900,2,2024
2024-02-08,Tanjong Pagar,18,18,24.2,0.055,8712,2,2024
2024-02-08,Keppel,24,22,29.3,0.116,12892,2,2024
2024-02-08,Brani,12,10,28.5,0.118,5700,2,2024
2024-02-08,Pasir Panjang T1-2,30,30,25.8,0.105,15480,2,2024
2024-02-08,Pasir Panjang T3-4,30,28,30.7,0.093,17192,2,2024
2024-02-08,Tuas,38,38,32.5,0.113,24700,2,2024
2024-02-09,Tanjong Pagar,18,18,26.8,0.045,9648,2,2024
2024-02-09,Keppel,24,20,23.0,0.119,9200,2,2024
2024-02-09,Brani,12,9,27.9,0.052,5022,2,2024
2024-02-09,Pasir Panjang T1-2,30,27,34.9,0.119,18846,2,2024
2024-02-09,Pasir Panjang T3-4,30,28,36.0,0.047,20160,2,2024
2024-02-09,Tuas,38,35,33.9,0.108,23730,2,2024
2024-02-10,Tanjong Pagar,18,17,25.7,0.043,8738,2,2024
2024-02-10,Keppel,24,21,29.1,0.09,12222,2,2024
2024-02-10,Brani,12,12,28.2,0.064,6768,2,2024
2024-02-10,Pasir Panjang T1-2,30,30,25.2,0.07,15120,2,2024
2024-02-10,Pasir Panjang T3-4,30,28,24.8,0.093,13888,2,2024
2024-02-10,Tuas,38,34,29.8,0.093,20264,2,2024
2024-02-11,Tanjong Pagar,18,17,25.2,0.045,8568,2,2024
2024-02-11,Keppel,24,20,31.2,0.118,12480,2,2024
2024-02-11,Brani,12,12,24.3,0.041,5832,2,2024
2024-02-11,Pasir Panjang T1-2,30,28,23.3,0.061,13048,2,2024
2024-02-11,Pasir Panjang T3-4,30,26,26.3,0.086,13676,2,2024
2024-02-11,Tuas,38,37,28.7,0.067,21237,2,2024
2024-02-12,Tanjong Pagar,18,14,33.2,0.061,9296,2,2024
2024-02-12,Keppel,24,24,27.5,0.102,13200,2,2024
2024-02-12,Brani,12,9,26.3,0.068,4734,2,2024
2024-02-12,Pasir Panjang T1-2,30,27,29.9,0.05,16146,2,2024
2024-02-12,Pasir Panjang T3-4,30,30,33.3,0.116,19979,2,2024
2024-02-12,Tuas,38,35,23.7,0.029,16590,2,2024
2024-02-13,Tanjong Pagar,18,17,31.9,0.06,10846,2,2024
2024-02-13,Keppel,24,23,30.7,0.038,14122,2,2024
2024-02-13,Brani,12,9,32.8,0.089,5904,2,2024
2024-02-13,Pasir Panjang T1-2,30,26,26.8,0.106,13936,2,2024
2024-02-13,Pasir Panjang T3-4,30,27,27.0,0.071,14580,2,2024
2024-02-13,Tuas,38,35,27.6,0.109,19320,2,2024
2024-02-14,Tanjong Pagar,18,16,31.1,0.032,9952,2,2024
2024-02-14,Keppel,24,22,24.7,0.066,10868,2,2024
2024-02-14,Brani,12,10,27.9,0.048,5580,2,2024
2024-02-14,Pasir Panjang T1-2,30,28,30.1,0.061,16856,2,2024
2024-02-14,Pasir Panjang T3-4,30,26,24.0,0.043,12480,2,2024
2024-02-14,Tuas,38,35,31.8,0.066,22260,2,2024
2024-02-15,Tanjong Pagar,18,18,30.3,0.076,10908,2,2024
2024-02-15,Keppel,24,20,33.1,0.078,13240,2,2024
2024-02-15,Brani,12,12,32.2,0.094,7728,2,2024
2024-02-15,Pasir Panjang T1-2,30,29,24.8,0.055,14384,2,2024
2024-02-15,Pasir Panjang T3-4,30,26,24.2,0.023,12583,2,2024
2024-02-15,Tuas,38,36,23.2,0.069,16704,2,2024
2024-02-16,Tanjong Pagar,18,17,26.2,0.034,8908,2,2024
2024-02-16,Keppel,24,23,24.9,0.029,11453,2,2024
2024-02-16,Brani,12,9,33.5,0.084,6030,2,2024
2024-02-16,Pasir Panjang T1-2,30,26,27.7,0.056,14403,2,2024
2024-02-16,Pasir Panjang T3-4,30,30,31.1,0.037,18660,2,2024
2024-02-16,Tuas,38,38,34.6,0.09,26296,2,2024
2024-02-17,Tanjong Pagar,18,15,33.6,0.061,10080,2,2024
2024-02-17,Keppel,24,21,35.4,0.096,14868,2,2024
2024-02-17,Brani,12,11,33.1,0.045,7282,2,2024
2024-02-17,Pasir Panjang T1-2,30,27,33.9,0.053,18306,2,2024
2024-02-17,Pasir Panjang T3-4,30,26,26.0,0.083,13520,2,2024
2024-02-17,Tuas,38,37,25.8,0.029,19092,2,2024
2024-02-18,Tanjong Pagar,18,15,34.0,0.033,10200,2,2024
2024-02-18,Keppel,24,20,32.8,0.11,13120,2,2024
2024-02-18,Brani,12,9,33.9,0.047,6101,2,2024
2024-02-18,Pasir Panjang T1-2,30,27,27.8,0.106,15012,2,2024
2024-02-18,Pasir Panjang T3-4,30,29,30.1,0.027,17458,2,2024
2024-02-18,Tuas,38,37,35.4,0.021,26196,2,2024
2024-02-19,Tanjong Pagar,18,14,33.0,0.065,9240,2,2024
2024-02-19,Keppel,24,22,23.7,0.095,10428,2,2024
2024-02-19,Brani,12,9,34.8,0.092,6264,2,2024
2024-02-19,Pasir Panjang T1-2,30,30,28.5,0.051,17100,2,2024
2024-02-19,Pasir Panjang T3-4,30,28,33.3,0.021,18647,2,2024
2024-02-19,Tuas,38,35,30.8,0.028,21560,2,2024
2024-02-20,Tanjong Pagar,18,18,23.1,0.025,8316,2,2024
2024-02-20,Keppel,24,23,33.2,0.067,15272,2,2024
2024-02-20,Brani,12,9,30.5,0.099,5490,2,2024
2024-02-20,Pasir Panjang T1-2,30,29,35.6,0.037,20648,2,2024
2024-02-20,Pasir Panjang T3-4,30,28,29.1,0.049,16296,2,2024
2024-02-20,Tuas,38,36,29.9,0.035,21527,2,2024
2024-02-21,Tanjong Pagar,18,14,25.5,0.092,7140,2,2024
2024-02-21,Keppel,24,24,25.4,0.048,12191,2,2024
2024-02-21,Brani,12,8,33.9,0.025,5424,2,2024
2024-02-21,Pasir Panjang T1-2,30,30,27.2,0.072,16320,2,2024
2024-02-21,Pasir Panjang T3-4,30,29,24.6,0.06,14268,2,2024
2024-02-21,Tuas,38,37,34.3,0.095,25382,2,2024
2024-02-22,Tanjong Pagar,18,14,30.3,0.091,8484,2,2024
2024-02-22,Keppel,24,20,32.4,0.08,12960,2,2024
2024-02-22,Brani,12,8,34.4,0.063,5504,2,2024
2024-02-22,Pasir Panjang T1-2,30,27,27.7,0.066,14958,2,2024
2024-02-22,Pasir Panjang T3-4,30,30,29.0,0.089,17400,2,2024
2024-02-22,Tuas,38,38,32.6,0.089,24776,2,2024
2024-02-23,Tanjong Pagar,18,14,27.7,0.022,7756,2,2024
2024-02-23,Keppel,24,23,32.9,0.079,15133,2,2024
2024-02-23,Brani,12,8,32.0,0.025,5120,2,2024
2024-02-23,Pasir Panjang T1-2,30,30,32.2,0.047,19320,2,2024
2024-02-23,Pasir Panjang T3-4,30,27,29.7,0.067,16038,2,2024
2024-02-23,Tuas,38,38,28.9,0.042,21964,2,2024
2024-02-24,Tanjong Pagar,18,18,28.5,0.11,10260,2,2024
2024-02-24,Keppel,24,22,23.3,0.085,10252,2,2024
2024-02-24,Brani,12,10,28.5,0.114,5700,2,2024
2024-02-24,Pasir Panjang T1-2,30,27,28.2,0.112,15228,2,2024
2024-02-24,Pasir Panjang T3-4,30,29,28.8,0.114,16704,2,2024
2024-02-24,Tuas,38,38,29.8,0.107,22648,2,2024
2024-02-25,Tanjong Pagar,18,18,34.9,0.111,12563,2,2024
2024-02-25,Keppel,24,22,26.4,0.074,11616,2,2024
2024-02-25,Brani,12,11,29.8,0.076,6556,2,2024
2024-02-25,Pasir Panjang T1-2,30,30,23.1,0.065,13860,2,2024
2024-02-25,Pasir Panjang T3-4,30,30,33.5,0.118,20100,2,2024
2024-02-25,Tuas,38,34,24.1,0.068,16388,2,2024
2024-02-26,Tanjong Pagar,18,14,33.3,0.08,9323,2,2024
2024-02-26,Keppel,24,21,25.5,0.059,10710,2,2024
2024-02-26,Brani,12,8,34.1,0.109,5456,2,2024
2024-02-26,Pasir Panjang T1-2,30,30,32.5,0.045,19500,2,2024
2024-02-26,Pasir Panjang T3-4,30,28,34.5,0.045,19320,2,2024
2024-02-26,Tuas,38,35,25.9,0.109,18130,2,2024
2024-02-27,Tanjong Pagar,18,18,31.5,0.032,11340,2,2024
2024-02-27,Keppel,24,21,26.9,0.09,11298,2,2024
2024-02-27,Brani,12,10,23.2,0.044,4640,2,2024
2024-02-27,Pasir Panjang T1-2,30,30,35.4,0.07,21240,2,2024
2024-02-27,Pasir Panjang T3-4,30,30,34.5,0.026,20700,2,2024
2024-02-27,Tuas,38,37,26.6,0.092,19684,2,2024
2024-02-28,Tanjong Pagar,18,16,29.2,0.034,9344,2,2024
2024-02-28,Keppel,24,20,32.7,0.116,13080,2,2024
2024-02-28,Brani,12,10,30.3,0.036,6060,2,2024
2024-02-28,Pasir Panjang T1-2,30,26,32.7,0.097,17004,2,2024
2024-02-28,Pasir Panjang T3-4,30,30,25.3,0.033,15180,2,2024
2024-02-28,Tuas,38,38,29.6,0.077,22496,2,2024
2024-02-29,Tanjong Pagar,18,14,29.2,0.119,8176,2,2024
2024-02-29,Keppel,24,24,27.7,0.079,13296,2,2024
2024-02-29,Brani,12,9,26.1,0.082,4698,2,2024
2024-02-29,Pasir Panjang T1-2,30,27,32.5,0.056,17550,2,2024
2024-02-29,Pasir Panjang T3-4,30,27,29.6,0.058,15984,2,2024
2024-02-29,Tuas,38,34,27.6,0.104,18768,2,2024
2024-03-01,Tanjong Pagar,18,14,32.4,0.046,9072,3,2024
2024-03-01,Keppel,24,22,25.7,0.034,11308,3,2024
2024-03-01,Brani,12,12,31.1,0.091,7464,3,2024
2024-03-01,Pasir Panjang T1-2,30,28,24.5,0.035,13720,3,2024
2024-03-01,Pasir Panjang T3-4,30,27,34.8,0.095,18792,3,2024
2024-03-01,Tuas,38,37,34.0,0.041,25160,3,2024
2024-03-02,Tanjong Pagar,18,14,27.7,0.078,7756,3,2024
2024-03-02,Keppel,24,24,34.5,0.039,16560,3,2024
2024-03-02,Brani,12,12,34.3,0.024,8232,3,2024
2024-03-02,Pasir Panjang T1-2,30,30,32.6,0.103,19560,3,2024
2024-03-02,Pasir Panjang T3-4,30,27,29.9,0.09,16146,3,2024
2024-03-02,Tuas,38,37,25.5,0.094,18870,3,2024
2024-03-03,Tanjong Pagar,18,15,34.4,0.097,10320,3,2024
2024-03-03,Keppel,24,23,26.6,0.058,12236,3,2024
2024-03-03,Brani,12,9,35.7,0.075,6426,3,2024
2024-03-03,Pasir Panjang T1-2,30,30,29.3,0.052,17580,3,2024
2024-03-03,Pasir Panjang T3-4,30,29,28.8,0.104,16704,3,2024
2024-03-03,Tuas,38,37,27.3,0.111,20202,3,2024
2024-03-04,Tanjong Pagar,18,17,35.8,0.101,12171,3,2024
2024-03-04,Keppel,24,24,30.6,0.031,14688,3,2024
2024-03-04,Brani,12,8,35.8,0.071,5728,3,2024
2024-03-04,Pasir Panjang T1-2,30,28,32.6,0.029,18256,3,2024
2024-03-04,Pasir Panjang T3-4,30,29,35.7,0.039,20706,3,2024
2024-03-04,Tuas,38,38,26.2,0.061,19912,3,2024
2024-03-05,Tanjong Pagar,18,17,32.7,0.064,11118,3,2024
2024-03-05,Keppel,24,23,32.8,0.103,15088,3,2024
2024-03-05,Brani,12,12,34.2,0.055,8208,3,2024
2024-03-05,Pasir Panjang T1-2,30,28,25.5,0.049,14280,3,2024
2024-03-05,Pasir Panjang T3-4,30,29,24.9,0.057,14441,3,2024
2024-03-05,Tuas,38,34,31.6,0.028,21488,3,2024
2024-03-06,Tanjong Pagar,18,17,30.5,0.03,10370,3,2024
2024-03-06,Keppel,24,21,26.9,0.043,11298,3,2024
2024-03-06,Brani,12,11,23.5,0.113,5170,3,2024
2024-03-06,Pasir Panjang T1-2,30,26,35.0,0.071,18200,3,2024
2024-03-06,Pasir Panjang T3-4,30,26,23.3,0.047,12116,3,2024
2024-03-06,Tuas,38,36,33.1,0.108,23832,3,2024
2024-03-07,Tanjong Pagar,18,16,29.1,0.081,9312,3,2024
2024-03-07,Keppel,24,23,28.0,0.078,12880,3,2024
2024-03-07,Brani,12,10,33.8,0.056,6760,3,2024
2024-03-07,Pasir Panjang T1-2,30,27,29.2,0.097,15768,3,2024
2024-03-07,Pasir Panjang T3-4,30,27,24.9,0.031,13446,3,2024
2024-03-07,Tuas,38,38,31.9,0.051,24244,3,2024
2024-03-08,Tanjong Pagar,18,16,30.8,0.042,9856,3,2024
2024-03-08,Keppel,24,20,32.6,0.103,13040,3,2024
2024-03-08,Brani,12,9,33.0,0.064,5940,3,2024
2024-03-08,Pasir Panjang T1-2,30,28,24.0,0.059,13440,3,2024
2024-03-08,Pasir Panjang T3-4,30,29,24.7,0.051,14326,3,2024
2024-03-08,Tuas,38,37,34.0,0.077,25160,3,2024
2024-03-09,Tanjong Pagar,18,18,31.5,0.031,11340,3,2024
2024-03-09,Keppel,24,20,28.7,0.072,11480,3,2024
2024-03-09,Brani,12,8,24.1,0.08,3856,3,2024
2024-03-09,Pasir Panjang T1-2,30,28,28.2,0.093,15792,3,2024
2024-03-09,Pasir Panjang T3-4,30,28,27.4,0.067,15343,3,2024
2024-03-09,Tuas,38,37,30.6,0.097,22644,3,2024
2024-03-10,Tanjong Pagar,18,15,30.3,0.097,9090,3,2024
2024-03-10,Keppel,24,21,29.1,0.04,12222,3,2024
2024-03-10,Brani,12,12,23.1,0.093,5544,3,2024
2024-03-10,Pasir Panjang T1-2,30,27,25.5,0.054,13770,3,2024
2024-03-10,Pasir Panjang T3-4,30,26,24.0,0.11,12480,3,2024
2024-03-10,Tuas,38,35,26.3,0.03,18410,3,2024
2024-03-11,Tanjong Pagar,18,15,26.7,0.035,8010,3,2024
2024-03-11,Keppel,24,23,30.6,0.09,14076,3,2024
2024-03-11,Brani,12,10,24.7,0.077,4940,3,2024
2024-03-11,Pasir Panjang T1-2,30,26,23.6,0.032,12272,3,2024
2024-03-11,Pasir Panjang T3-4,30,30,24.7,0.063,14820,3,2024
2024-03-11,Tuas,38,34,31.0,0.064,21080,3,2024
2024-03-12,Tanjong Pagar,18,18,30.2,0.1,10872,3,2024
2024-03-12,Keppel,24,24,31.4,0.032,15071,3,2024
2024-03-12,Brani,12,9,28.1,0.068,5058,3,2024
2024-03-12,Pasir Panjang T1-2,30,30,35.1,0.063,21060,3,2024
2024-03-12,Pasir Panjang T3-4,30,29,27.3,0.033,15834,3,2024
2024-03-12,Tuas,38,35,25.6,0.082,17920,3,2024
2024-03-13,Tanjong Pagar,18,16,31.4,0.106,10048,3,2024
2024-03-13,Keppel,24,24,27.5,0.079,13200,3,2024
2024-03-13,Brani,12,9,27.2,0.02,4896,3,2024
2024-03-13,Pasir Panjang T1-2,30,26,32.3,0.104,16796,3,2024
2024-03-13,Pasir Panjang T3-4,30,28,25.6,0.033,14336,3,2024
2024-03-13,Tuas,38,36,23.4,0.087,16848,3,2024
2024-03-14,Tanjong Pagar,18,18,35.6,0.093,12816,3,2024
2024-03-14,Keppel,24,21,32.3,0.037,13566,3,2024
2024-03-14,Brani,12,8,31.8,0.058,5088,3,2024
2024-03-14,Pasir Panjang T1-2,30,27,29.2,0.084,15768,3,2024
2024-03-14,Pasir Panjang T3-4,30,27,27.4,0.085,14796,3,2024
2024-03-14,Tuas,38,35,29.4,0.033,20580,3,2024
2024-03-15,Tanjong Pagar,18,15,30.0,0.117,9000,3,2024
2024-03-15,Keppel,24,24,27.1,0.074,13008,3,2024
2024-03-15,Brani,12,8,33.5,0.118,5360,3,2024
2024-03-15,Pasir Panjang T1-2,30,29,29.2,0.071,16936,3,2024
2024-03-15,Pasir Panjang T3-4,30,27,24.8,0.105,13392,3,2024
2024-03-15,Tuas,38,36,23.9,0.099,17208,3,2024
2024-03-16,Tanjong Pagar,18,16,35.1,0.063,11232,3,2024
2024-03-16,Keppel,24,23,29.5,0.119,13570,3,2024
2024-03-16,Brani,12,10,25.7,0.039,5140,3,2024
2024-03-16,Pasir Panjang T1-2,30,28,24.3,0.048,13608,3,2024
2024-03-16,Pasir Panjang T3-4,30,28,27.3,0.087,15288,3,2024
2024-03-16,Tuas,38,37,24.6,0.062,18204,3,2024
2024-03-17,Tanjong Pagar,18,17,32.2,0.095,10948,3,2024
2024-03-17,Keppel,24,20,31.9,0.026,12760,3,2024
2024-03-17,Brani,12,8,31.8,0.107,5088,3,2024
2024-03-17,Pasir Panjang T1-2,30,30,34.6,0.091,20760,3,2024
2024-03-17,Pasir Panjang T3-4,30,26,31.2,0.09,16223,3,2024
2024-03-17,Tuas,38,37,26.6,0.089,19684,3,2024
2024-03-18,Tanjong Pagar,18,17,26.7,0.062,9078,3,2024
2024-03-18,Keppel,24,24,28.3,0.086,13584,3,2024
2024-03-18,Brani,12,8,31.8,0.031,5088,3,2024
2024-03-18,Pasir Panjang T1-2,30,29,34.9,0.036,20242,3,2024
2024-03-18,Pasir Panjang T3-4,30,30,31.0,0.081,18600,3,2024
2024-03-18,Tuas,38,35,25.3,0.053,17710,3,2024
2024-03-19,Tanjong Pagar,18,16,30.0,0.112,9600,3,2024
2024-03-19,Keppel,24,23,29.1,0.056,13386,3,2024
2024-03-19,Brani,12,9,30.5,0.077,5490,3,2024
2024-03-19,Pasir Panjang T1-2,30,29,27.2,0.063,15776,3,2024
2024-03-19,Pasir Panjang T3-4,30,26,26.2,0.025,13623,3,2024
2024-03-19,Tuas,38,34,34.7,0.062,23596,3,2024
2024-03-20,Tanjong Pagar,18,18,29.1,0.029,10476,3,2024
2024-03-20,Keppel,24,24,32.3,0.082,15503,3,2024
2024-03-20,Brani,12,12,35.5,0.105,8520,3,2024
2024-03-20,Pasir Panjang T1-2,30,29,31.9,0.057,18502,3,2024
2024-03-20,Pasir Panjang T3-4,30,29,29.7,0.111,17226,3,2024
2024-03-20,Tuas,38,38,23.1,0.108,17556,3,2024
2024-03-21,Tanjong Pagar,18,17,29.8,0.089,10132,3,2024
2024-03-21,Keppel,24,20,32.4,0.088,12960,3,2024
2024-03-21,Brani,12,10,28.8,0.105,5760,3,2024
2024-03-21,Pasir Panjang T1-2,30,28,30.8,0.066,17248,3,2024
2024-03-21,Pasir Panjang T3-4,30,27,28.0,0.068,15120,3,2024
2024-03-21,Tuas,38,34,35.5,0.06,24140,3,2024
2024-03-22,Tanjong Pagar,18,16,25.0,0.041,8000,3,2024
2024-03-22,Keppel,24,20,24.8,0.052,9920,3,2024
2024-03-22,Brani,12,12,30.8,0.038,7392,3,2024
2024-03-22,Pasir Panjang T1-2,30,27,23.8,0.118,12852,3,2024
2024-03-22,Pasir Panjang T3-4,30,26,26.6,0.083,13832,3,2024
2024-03-22,Tuas,38,37,35.9,0.031,26566,3,2024
2024-03-23,Tanjong Pagar,18,16,31.7,0.05,10144,3,2024
2024-03-23,Keppel,24,24,34.5,0.095,16560,3,2024
2024-03-23,Brani,12,8,24.8,0.05,3968,3,2024
2024-03-23,Pasir Panjang T1-2,30,26,31.0,0.066,16120,3,2024
2024-03-23,Pasir Panjang T3-4,30,27,32.9,0.033,17766,3,2024
2024-03-23,Tuas,38,37,26.8,0.058,19832,3,2024
2024-03-24,Tanjong Pagar,18,15,35.9,0.078,10770,3,2024
2024-03-24,Keppel,24,20,26.5,0.057,10600,3,2024
2024-03-24,Brani,12,8,35.7,0.108,5712,3,2024
2024-03-24,Pasir Panjang T1-2,30,27,27.3,0.1,14742,3,2024
2024-03-24,Pasir Panjang T3-4,30,28,35.4,0.041,19824,3,2024
2024-03-24,Tuas,38,37,24.2,0.084,17908,3,2024
2024-03-25,Tanjong Pagar,18,14,24.1,0.088,6748,3,2024
2024-03-25,Keppel,24,23,34.0,0.082,15640,3,2024
2024-03-25,Brani,12,11,31.4,0.089,6908,3,2024
2024-03-25,Pasir Panjang T1-2,30,29,33.1,0.082,19198,3,2024
2024-03-25,Pasir Panjang T3-4,30,27,27.1,0.06,14634,3,2024
2024-03-25,Tuas,38,36,26.6,0.093,19152,3,2024
2024-03-26,Tanjong Pagar,18,14,35.2,0.054,9856,3,2024
2024-03-26,Keppel,24,20,26.3,0.117,10520,3,2024
2024-03-26,Brani,12,11,33.5,0.042,7370,3,2024
2024-03-26,Pasir Panjang T1-2,30,26,32.6,0.073,16952,3,2024
2024-03-26,Pasir Panjang T3-4,30,26,32.1,0.059,16692,3,2024
2024-03-26,Tuas,38,35,28.0,0.072,19600,3,2024
2024-03-27,Tanjong Pagar,18,15,36.0,0.11,10800,3,2024
2024-03-27,Keppel,24,23,35.1,0.11,16146,3,2024
2024-03-27,Brani,12,12,29.5,0.088,7080,3,2024
2024-03-27,Pasir Panjang T1-2,30,28,34.7,0.11,19432,3,2024
2024-03-27,Pasir Panjang T3-4,30,29,33.9,0.109,19662,3,2024
2024-03-27,Tuas,38,36,30.2,0.116,21744,3,2024
2024-03-28,Tanjong Pagar,18,16,30.6,0.12,9792,3,2024
2024-03-28,Keppel,24,23,27.3,0.042,12558,3,2024
2024-03-28,Brani,12,8,26.2,0.1,4192,3,2024
2024-03-28,Pasir Panjang T1-2,30,28,33.0,0.09,18480,3,2024
2024-03-28,Pasir Panjang T3-4,30,28,27.1,0.119,15176,3,2024
2024-03-28,Tuas,38,36,28.6,0.094,20592,3,2024
2024-03-29,Tanjong Pagar,18,16,30.3,0.062,9696,3,2024
2024-03-29,Keppel,24,21,29.0,0.119,12180,3,2024
2024-03-29,Brani,12,12,27.3,0.02,6552,3,2024
2024-03-29,Pasir Panjang T1-2,30,30,28.6,0.028,17160,3,2024
2024-03-29,Pasir Panjang T3-4,30,30,24.1,0.074,14460,3,2024
2024-03-29,Tuas,38,36,33.6,0.043,24192,3,2024
2024-03-30,Tanjong Pagar,18,17,24.5,0.062,8330,3,2024
2024-03-30,Keppel,24,20,29.6,0.037,11840,3,2024
2024-03-30,Brani,12,8,29.5,0.045,4720,3,2024
2024-03-30,Pasir Panjang T1-2,30,29,23.3,0.087,13514,3,2024
2024-03-30,Pasir Panjang T3-4,30,30,29.0,0.086,17400,3,2024
2024-03-30,Tuas,38,36,34.0,0.056,24480,3,2024
2024-03-31,Tanjong Pagar,18,16,31.8,0.047,10176,3,2024
2024-03-31,Keppel,24,23,25.6,0.11,11776,3,2024
2024-03-31,Brani,12,8,24.1,0.038,3856,3,2024
2024-03-31,Pasir Panjang T1-2,30,27,34.0,0.107,18360,3,2024
2024-03-31,Pasir Panjang T3-4,30,30,27.7,0.111,16620,3,2024
2024-03-31,Tuas,38,38,35.2,0.067,26752,3,2024
2024-04-01,Tanjong Pagar,18,18,25.4,0.066,9144,4,2024
2024-04-01,Keppel,24,23,24.5,0.107,11270,4,2024
2024-04-01,Brani,12,9,23.7,0.073,4266,4,2024
2024-04-01,Pasir Panjang T1-2,30,27,25.7,0.085,13878,4,2024
2024-04-01,Pasir Panjang T3-4,30,26,27.3,0.069,14196,4,2024
2024-04-01,Tuas,38,37,24.8,0.085,18352,4,2024
2024-04-02,Tanjong Pagar,18,15,24.5,0.114,7350,4,2024
2024-04-02,Keppel,24,22,34.5,0.051,15180,4,2024
2024-04-02,Brani,12,10,34.3,0.036,6860,4,2024
2024-04-02,Pasir Panjang T1-2,30,29,29.0,0.086,16820,4,2024
2024-04-02,Pasir Panjang T3-4,30,30,35.0,0.043,21000,4,2024
2024-04-02,Tuas,38,38,35.6,0.057,27056,4,2024
2024-04-03,Tanjong Pagar,18,14,26.1,0.083,7308,4,2024
2024-04-03,Keppel,24,23,29.7,0.026,13662,4,2024
2024-04-03,Brani,12,11,27.6,0.037,6072,4,2024
2024-04-03,Pasir Panjang T1-2,30,26,24.3,0.056,12636,4,2024
2024-04-03,Pasir Panjang T3-4,30,29,33.2,0.065,19256,4,2024
2024-04-03,Tuas,38,37,25.6,0.101,18944,4,2024
2024-04-04,Tanjong Pagar,18,18,33.1,0.093,11916,4,2024
2024-04-04,Keppel,24,22,24.7,0.048,10868,4,2024
2024-04-04,Brani,12,12,33.4,0.021,8015,4,2024
2024-04-04,Pasir Panjang T1-2,30,30,29.2,0.086,17520,4,2024
2024-04-04,Pasir Panjang T3-4,30,29,28.6,0.095,16588,4,2024
2024-04-04,Tuas,38,36,24.8,0.111,17856,4,2024
2024-04-05,Tanjong Pagar,18,18,34.6,0.116,12456,4,2024
2024-04-05,Keppel,24,23,30.7,0.02,14122,4,2024
2024-04-05,Brani,12,8,33.6,0.085,5376,4,2024
2024-04-05,Pasir Panjang T1-2,30,26,29.4,0.071,15288,4,2024
2024-04-05,Pasir Panjang T3-4,30,30,24.3,0.073,14580,4,2024
2024-04-05,Tuas,38,35,29.9,0.043,20930,4,2024
2024-04-06,Tanjong Pagar,18,14,27.3,0.032,7644,4,2024
2024-04-06,Keppel,24,21,26.7,0.118,11213,4,2024
2024-04-06,Brani,12,10,25.8,0.102,5160,4,2024
2024-04-06,Pasir Panjang T1-2,30,26,28.2,0.024,14663,4,2024
2024-04-06,Pasir Panjang T3-4,30,28,34.8,0.03,19487,4,2024
2024-04-06,Tuas,38,37,25.3,0.115,18722,4,2024
2024-04-07,Tanjong Pagar,18,18,25.0,0.09,9000,4,2024
2024-04-07,Keppel,24,22,32.4,0.036,14256,4,2024
2024-04-07,Brani,12,8,33.9,0.045,5424,4,2024
2024-04-07,Pasir Panjang T1-2,30,27,31.3,0.1,16902,4,2024
2024-04-07,Pasir Panjang T3-4,30,29,32.8,0.089,19024,4,2024
2024-04-07,Tuas,38,34,33.7,0.067,22916,4,2024
2024-04-08,Tanjong Pagar,18,14,30.1,0.095,8428,4,2024
2024-04-08,Keppel,24,23,32.7,0.088,15042,4,2024
2024-04-08,Brani,12,12,34.4,0.111,8256,4,2024
2024-04-08,Pasir Panjang T1-2,30,26,27.3,0.088,14196,4,2024
2024-04-08,Pasir Panjang T3-4,30,27,27.4,0.034,14796,4,2024
2024-04-08,Tuas,38,35,27.1,0.037,18970,4,2024
2024-04-09,Tanjong Pagar,18,16,34.1,0.117,10912,4,2024
2024-04-09,Keppel,24,21,30.2,0.113,12683,4,2024
2024-04-09,Brani,12,12,26.1,0.087,6264,4,2024
2024-04-09,Pasir Panjang T1-2,30,30,34.1,0.036,20460,4,2024
2024-04-09,Pasir Panjang T3-4,30,27,32.0,0.095,17280,4,2024
2024-04-09,Tuas,38,37,25.8,0.102,19092,4,2024
2024-04-10,Tanjong Pagar,18,17,27.5,0.022,9350,4,2024
2024-04-10,Keppel,24,20,32.3,0.06,12920,4,2024
2024-04-10,Brani,12,12,27.2,0.03,6528,4,2024
2024-04-10,Pasir Panjang T1-2,30,27,25.9,0.099,13986,4,2024
2024-04-10,Pasir Panjang T3-4,30,29,34.9,0.035,20242,4,2024
2024-04-10,Tuas,38,38,27.9,0.021,21204,4,2024
2024-04-11,Tanjong Pagar,18,16,26.7,0.087,8544,4,2024
2024-04-11,Keppel,24,21,32.7,0.065,13734,4,2024
2024-04-11,Brani,12,10,31.5,0.076,6300,4,2024
2024-04-11,Pasir Panjang T1-2,30,28,34.9,0.02,19544,4,2024
2024-04-11,Pasir Panjang T3-4,30,30,26.2,0.076,15720,4,2024
2024-04-11,Tuas,38,37,27.7,0.081,20497,4,2024
2024-04-12,Tanjong Pagar,18,15,34.0,0.035,10200,4,2024
2024-04-12,Keppel,24,23,35.6,0.096,16376,4,2024
2024-04-12,Brani,12,11,28.2,0.075,6204,4,2024
2024-04-12,Pasir Panjang T1-2,30,29,23.6,0.028,13688,4,2024
2024-04-12,Pasir Panjang T3-4,30,27,35.9,0.047,19386,4,2024
2024-04-12,Tuas,38,35,35.0,0.106,24500,4,2024
2024-04-13,Tanjong Pagar,18,16,32.5,0.063,10400,4,2024
2024-04-13,Keppel,24,23,26.4,0.042,12143,4,2024
2024-04-13,Brani,12,8,33.8,0.118,5408,4,2024
2024-04-13,Pasir Panjang T1-2,30,29,27.7,0.04,16066,4,2024
2024-04-13,Pasir Panjang T3-4,30,26,27.9,0.039,14508,4,2024
2024-04-13,Tuas,38,36,30.2,0.111,21744,4,2024
2024-04-14,Tanjong Pagar,18,17,27.9,0.032,9486,4,2024
2024-04-14,Keppel,24,20,26.7,0.09,10680,4,2024
2024-04-14,Brani,12,8,25.8,0.117,4128,4,2024
2024-04-14,Pasir Panjang T1-2,30,27,28.5,0.041,15390,4,2024
2024-04-14,Pasir Panjang T3-4,30,30,24.7,0.087,14820,4,2024
2024-04-14,Tuas,38,35,33.1,0.089,23170,4,2024
2024-04-15,Tanjong Pagar,18,15,33.3,0.054,9989,4,2024
2024-04-15,Keppel,24,24,27.7,0.058,13296,4,2024
2024-04-15,Brani,12,10,34.5,0.113,6900,4,2024
2024-04-15,Pasir Panjang T1-2,30,26,35.9,0.078,18668,4,2024
2024-04-15,Pasir Panjang T3-4,30,29,26.2,0.087,15196,4,2024
2024-04-15,Tuas,38,38,29.5,0.055,22420,4,2024
2024-04-16,Tanjong Pagar,18,16,30.0,0.106,9600,4,2024
2024-04-16,Keppel,24,22,30.7,0.1,13508,4,2024
2024-04-16,Brani,12,12,31.1,0.035,7464,4,2024
2024-04-16,Pasir Panjang T1-2,30,29,24.1,0.102,13978,4,2024
2024-04-16,Pasir Panjang T3-4,30,30,30.0,0.042,18000,4,2024
2024-04-16,Tuas,38,35,26.5,0.023,18550,4,2024
2024-04-17,Tanjong Pagar,18,14,31.5,0.103,8820,4,2024
2024-04-17,Keppel,24,22,35.9,0.085,15796,4,2024
2024-04-17,Brani,12,9,30.0,0.088,5400,4,2024
2024-04-17,Pasir Panjang T1-2,30,27,25.5,0.084,13770,4,2024
2024-04-17,Pasir Panjang T3-4,30,28,28.7,0.09,16072,4,2024
2024-04-17,Tuas,38,36,35.3,0.092,25416,4,2024
2024-04-18,Tanjong Pagar,18,15,33.2,0.034,9960,4,2024
2024-04-18,Keppel,24,20,28.4,0.117,11360,4,2024
2024-04-18,Brani,12,12,30.5,0.049,7320,4,2024
2024-04-18,Pasir Panjang T1-2,30,26,35.8,0.046,18616,4,2024
2024-04-18,Pasir Panjang T3-4,30,27,29.9,0.084,16146,4,2024
2024-04-18,Tuas,38,38,27.8,0.031,21128,4,2024
2024-04-19,Tanjong Pagar,18,16,24.7,0.089,7904,4,2024
2024-04-19,Keppel,24,22,26.5,0.034,11660,4,2024
2024-04-19,Brani,12,8,27.0,0.027,4320,4,2024
2024-04-19,Pasir Panjang T1-2,30,27,29.7,0.12,16038,4,2024
2024-04-19,Pasir Panjang T3-4,30,26,32.9,0.053,17108,4,2024
2024-04-19,Tuas,38,37,28.0,0.021,20720,4,2024
2024-04-20,Tanjong Pagar,18,15,32.8,0.106,9839,4,2024
2024-04-20,Keppel,24,21,32.9,0.089,13818,4,2024
2024-04-20,Brani,12,11,27.8,0.036,6116,4,2024
2024-04-20,Pasir Panjang T1-2,30,30,32.0,0.07,19200,4,2024
2024-04-20,Pasir Panjang T3-4,30,30,29.5,0.025,17700,4,2024
2024-04-20,Tuas,38,34,29.0,0.026,19720,4,2024
2024-04-21,Tanjong Pagar,18,18,33.7,0.116,12132,4,2024
2024-04-21,Keppel,24,24,32.0,0.04,15360,4,2024
2024-04-21,Brani,12,9,26.9,0.083,4842,4,2024
2024-04-21,Pasir Panjang T1-2,30,28,35.4,0.113,19824,4,2024
2024-04-21,Pasir Panjang T3-4,30,26,30.8,0.103,16016,4,2024
2024-04-21,Tuas,38,34,25.6,0.089,17408,4,2024
2024-04-22,Tanjong Pagar,18,14,23.7,0.1,6636,4,2024
2024-04-22,Keppel,24,22,31.3,0.107,13772,4,2024
2024-04-22,Brani,12,9,33.0,0.046,5940,4,2024
2024-04-22,Pasir Panjang T1-2,30,28,31.5,0.11,17640,4,2024
2024-04-22,Pasir Panjang T3-4,30,27,23.7,0.022,12798,4,2024
2024-04-22,Tuas,38,38,35.9,0.062,27284,4,2024
2024-04-23,Tanjong Pagar,18,18,29.1,0.06,10476,4,2024
2024-04-23,Keppel,24,20,33.3,0.035,13320,4,2024
2024-04-23,Brani,12,11,25.6,0.094,5632,4,2024
2024-04-23,Pasir Panjang T1-2,30,29,35.7,0.108,20706,4,2024
2024-04-23,Pasir Panjang T3-4,30,30,28.1,0.097,16860,4,2024
2024-04-23,Tuas,38,36,25.9,0.032,18648,4,2024
2024-04-24,Tanjong Pagar,18,18,29.9,0.08,10763,4,2024
2024-04-24,Keppel,24,23,31.0,0.093,14260,4,2024
2024-04-24,Brani,12,9,23.7,0.069,4266,4,2024
2024-04-24,Pasir Panjang T1-2,30,30,31.3,0.116,18780,4,2024
2024-04-24,Pasir Panjang T3-4,30,27,32.2,0.052,17388,4,2024
2024-04-24,Tuas,38,37,34.0,0.047,25160,4,2024
2024-04-25,Tanjong Pagar,18,14,30.7,0.042,8596,4,2024
2024-04-25,Keppel,24,24,25.9,0.07,12431,4,2024
2024-04-25,Brani,12,11,26.8,0.035,5896,4,2024
2024-04-25,Pasir Panjang T1-2,30,28,23.1,0.061,12936,4,2024
2024-04-25,Pasir Panjang T3-4,30,28,24.5,0.047,13720,4,2024
2024-04-25,Tuas,38,35,30.1,0.083,21070,4,2024
2024-04-26,Tanjong Pagar,18,16,34.1,0.021,10912,4,2024
2024-04-26,Keppel,24,21,27.9,0.104,11718,4,2024
2024-04-26,Brani,12,8,30.4,0.032,4864,4,2024
2024-04-26,Pasir Panjang T1-2,30,29,34.1,0.036,19778,4,2024
2024-04-26,Pasir Panjang T3-4,30,26,34.6,0.042,17992,4,2024
2024-04-26,Tuas,38,38,24.7,0.06,18772,4,2024
2024-04-27,Tanjong Pagar,18,17,26.1,0.096,8874,4,2024
2024-04-27,Keppel,24,24,30.0,0.048,14400,4,2024
2024-04-27,Brani,12,12,30.5,0.103,7320,4,2024
2024-04-27,Pasir Panjang T1-2,30,30,23.4,0.063,14040,4,2024
2024-04-27,Pasir Panjang T3-4,30,30,24.2,0.107,14520,4,2024
2024-04-27,Tuas,38,34,23.3,0.08,15844,4,2024
2024-04-28,Tanjong Pagar,18,16,29.2,0.098,9344,4,2024
2024-04-28,Keppel,24,23,31.1,0.08,14306,4,2024
2024-04-28,Brani,12,11,26.0,0.113,5720,4,2024
2024-04-28,Pasir Panjang T1-2,30,27,26.9,0.091,14526,4,2024
2024-04-28,Pasir Panjang T3-4,30,29,35.2,0.111,20416,4,2024
2024-04-28,Tuas,38,38,34.7,0.036,26372,4,2024
2024-04-29,Tanjong Pagar,18,16,35.9,0.04,11488,4,2024
2024-04-29,Keppel,24,21,26.7,0.109,11213,4,2024
2024-04-29,Brani,12,12,24.3,0.028,5832,4,2024
2024-04-29,Pasir Panjang T1-2,30,26,26.5,0.118,13780,4,2024
2024-04-29,Pasir Panjang T3-4,30,27,24.1,0.068,13014,4,2024
2024-04-29,Tuas,38,37,24.4,0.045,18056,4,2024
2024-04-30,Tanjong Pagar,18,15,32.6,0.034,9780,4,2024
2024-04-30,Keppel,24,20,28.6,0.08,11440,4,2024
2024-04-30,Brani,12,10,30.3,0.032,6060,4,2024
2024-04-30,Pasir Panjang T1-2,30,28,30.0,0.022,16800,4,2024
2024-04-30,Pasir Panjang T3-4,30,29,28.9,0.068,16762,4,2024
2024-04-30,Tuas,38,34,34.4,0.082,23392,4,2024
2024-05-01,Tanjong Pagar,18,18,25.7,0.093,9252,5,2024
2024-05-01,Keppel,24,21,23.7,0.088,9954,5,2024
2024-05-01,Brani,12,12,34.1,0.064,8184,5,2024
2024-05-01,Pasir Panjang T1-2,30,26,30.7,0.107,15963,5,2024
2024-05-01,Pasir Panjang T3-4,30,26,29.6,0.042,15392,5,2024
2024-05-01,Tuas,38,35,28.4,0.092,19880,5,2024
2024-05-02,Tanjong Pagar,18,18,23.6,0.048,8496,5,2024
2024-05-02,Keppel,24,21,30.4,0.022,12768,5,2024
2024-05-02,Brani,12,9,34.3,0.05,6174,5,2024
2024-05-02,Pasir Panjang T1-2,30,29,31.4,0.074,18212,5,2024
2024-05-02,Pasir Panjang T3-4,30,28,30.7,0.071,17192,5,2024
2024-05-02,Tuas,38,36,31.6,0.078,22752,5,2024
2024-05-03,Tanjong Pagar,18,14,25.9,0.111,7251,5,2024
2024-05-03,Keppel,24,22,25.8,0.031,11352,5,2024
2024-05-03,Brani,12,8,24.6,0.042,3936,5,2024
2024-05-03,Pasir Panjang T1-2,30,29,34.3,0.065,19894,5,2024
2024-05-03,Pasir Panjang T3-4,30,29,28.0,0.085,16240,5,2024
2024-05-03,Tuas,38,37,33.9,0.071,25086,5,2024
2024-05-04,Tanjong Pagar,18,15,23.9,0.043,7170,5,2024
2024-05-04,Keppel,24,23,31.1,0.024,14306,5,2024
2024-05-04,Brani,12,10,33.0,0.112,6600,5,2024
2024-05-04,Pasir Panjang T1-2,30,28,31.8,0.114,17808,5,2024
2024-05-04,Pasir Panjang T3-4,30,30,28.5,0.091,17100,5,2024
2024-05-04,Tuas,38,38,27.8,0.03,21128,5,2024
2024-05-05,Tanjong Pagar,18,16,31.2,0.062,9984,5,2024
2024-05-05,Keppel,24,21,30.0,0.057,12600,5,2024
2024-05-05,Brani,12,12,24.4,0.045,5855,5,2024
2024-05-05,Pasir Panjang T1-2,30,27,29.1,0.035,15714,5,2024
2024-05-05,Pasir Panjang T3-4,30,29,30.4,0.049,17632,5,2024
2024-05-05,Tuas,38,37,32.3,0.038,23902,5,2024
2024-05-06,Tanjong Pagar,18,16,33.1,0.084,10592,5,2024
2024-05-06,Keppel,24,20,24.7,0.063,9880,5,2024
2024-05-06,Brani,12,11,29.4,0.035,6468,5,2024
2024-05-06,Pasir Panjang T1-2,30,26,35.7,0.064,18564,5,2024
2024-05-06,Pasir Panjang T3-4,30,29,33.6,0.116,19488,5,2024
2024-05-06,Tuas,38,34,32.4,0.028,22032,5,2024
2024-05-07,Tanjong Pagar,18,15,28.8,0.104,8640,5,2024
2024-05-07,Keppel,24,24,28.0,0.029,13440,5,2024
2024-05-07,Brani,12,10,35.9,0.024,7180,5,2024
2024-05-07,Pasir Panjang T1-2,30,27,30.4,0.097,16416,5,2024
2024-05-07,Pasir Panjang T3-4,30,30,28.4,0.106,17040,5,2024
2024-05-07,Tuas,38,35,27.2,0.072,19040,5,2024
2024-05-08,Tanjong Pagar,18,16,30.1,0.072,9632,5,2024
2024-05-08,Keppel,24,24,27.8,0.091,13344,5,2024
2024-05-08,Brani,12,11,26.9,0.057,5918,5,2024
2024-05-08,Pasir Panjang T1-2,30,30,26.2,0.051,15720,5,2024
2024-05-08,Pasir Panjang T3-4,30,30,26.1,0.117,15660,5,2024
2024-05-08,Tuas,38,34,35.0,0.095,23800,5,2024
2024-05-09,Tanjong Pagar,18,16,35.0,0.059,11200,5,2024
2024-05-09,Keppel,24,22,26.1,0.104,11484,5,2024
2024-05-09,Brani,12,10,32.3,0.032,6460,5,2024
2024-05-09,Pasir Panjang T1-2,30,26,30.5,0.096,15860,5,2024
2024-05-09,Pasir Panjang T3-4,30,26,24.9,0.065,12948,5,2024
2024-05-09,Tuas,38,36,29.3,0.079,21096,5,2024
2024-05-10,Tanjong Pagar,18,15,28.0,0.062,8400,5,2024
2024-05-10,Keppel,24,21,25.5,0.073,10710,5,2024
2024-05-10,Brani,12,12,35.5,0.088,8520,5,2024
2024-05-10,Pasir Panjang T1-2,30,27,30.3,0.085,16362,5,2024
2024-05-10,Pasir Panjang T3-4,30,28,25.8,0.047,14448,5,2024
2024-05-10,Tuas,38,34,29.0,0.116,19720,5,2024
2024-05-11,Tanjong Pagar,18,18,32.2,0.054,11592,5,2024
2024-05-11,Keppel,24,22,30.0,0.03,13200,5,2024
2024-05-11,Brani,12,9,24.8,0.094,4464,5,2024
2024-05-11,Pasir Panjang T1-2,30,28,24.9,0.049,13943,5,2024
2024-05-11,Pasir Panjang T3-4,30,29,35.2,0.083,20416,5,2024
2024-05-11,Tuas,38,38,32.3,0.115,24547,5,2024
2024-05-12,Tanjong Pagar,18,15,23.4,0.021,7020,5,2024
2024-05-12,Keppel,24,24,33.6,0.038,16128,5,2024
2024-05-12,Brani,12,10,35.1,0.026,7020,5,2024
2024-05-12,Pasir Panjang T1-2,30,28,24.3,0.051,13608,5,2024
2024-05-12,Pasir Panjang T3-4,30,27,23.6,0.04,12744,5,2024
2024-05-12,Tuas,38,34,29.0,0.119,19720,5,2024
2024-05-13,Tanjong Pagar,18,16,35.0,0.075,11200,5,2024
2024-05-13,Keppel,24,20,36.0,0.088,14400,5,2024
2024-05-13,Brani,12,8,25.7,0.062,4112,5,2024
2024-05-13,Pasir Panjang T1-2,30,29,26.1,0.05,15138,5,2024
2024-05-13,Pasir Panjang T3-4,30,29,29.2,0.084,16936,5,2024
2024-05-13,Tuas,38,36,29.5,0.083,21240,5,2024
2024-05-14,Tanjong Pagar,18,17,33.0,0.035,11220,5,2024
2024-05-14,Keppel,24,21,32.4,0.057,13608,5,2024
2024-05-14,Brani,12,9,33.1,0.047,5958,5,2024
2024-05-14,Pasir Panjang T1-2,30,28,32.4,0.057,18144,5,2024
2024-05-14,Pasir Panjang T3-4,30,28,35.0,0.115,19600,5,2024
2024-05-14,Tuas,38,37,31.6,0.048,23384,5,2024
2024-05-15,Tanjong Pagar,18,18,25.2,0.081,9072,5,2024
2024-05-15,Keppel,24,22,28.7,0.07,12628,5,2024
2024-05-15,Brani,12,10,33.7,0.032,6740,5,2024
2024-05-15,Pasir Panjang T1-2,30,29,31.7,0.064,18386,5,2024
2024-05-15,Pasir Panjang T3-4,30,28,31.4,0.116,17584,5,2024
2024-05-15,Tuas,38,36,35.9,0.058,25847,5,2024
2024-05-16,Tanjong Pagar,18,17,23.3,0.084,7922,5,2024
2024-05-16,Keppel,24,23,29.6,0.096,13616,5,2024
2024-05-16,Brani,12,10,30.6,0.097,6120,5,2024
2024-05-16,Pasir Panjang T1-2,30,28,23.1,0.095,12936,5,2024
2024-05-16,Pasir Panjang T3-4,30,28,25.1,0.044,14056,5,2024
2024-05-16,Tuas,38,36,26.7,0.107,19224,5,2024
2024-05-17,Tanjong Pagar,18,15,34.7,0.099,10410,5,2024
2024-05-17,Keppel,24,24,34.5,0.117,16560,5,2024
2024-05-17,Brani,12,8,30.1,0.096,4816,5,2024
2024-05-17,Pasir Panjang T1-2,30,29,28.1,0.08,16298,5,2024
2024-05-17,Pasir Panjang T3-4,30,26,25.2,0.039,13103,5,2024
2024-05-17,Tuas,38,38,34.2,0.054,25992,5,2024
2024-05-18,Tanjong Pagar,18,16,23.9,0.062,7648,5,2024
2024-05-18,Keppel,24,20,30.2,0.059,12080,5,2024
2024-05-18,Brani,12,10,32.3,0.041,6460,5,2024
2024-05-18,Pasir Panjang T1-2,30,29,25.0,0.09,14500,5,2024
2024-05-18,Pasir Panjang T3-4,30,27,33.0,0.034,17820,5,2024
2024-05-18,Tuas,38,37,26.6,0.107,19684,5,2024
2024-05-19,Tanjong Pagar,18,16,23.9,0.038,7648,5,2024
2024-05-19,Keppel,24,20,30.2,0.042,12080,5,2024
2024-05-19,Brani,12,8,29.8,0.059,4768,5,2024
2024-05-19,Pasir Panjang T1-2,30,30,27.8,0.046,16680,5,2024
2024-05-19,Pasir Panjang T3-4,30,29,31.5,0.108,18270,5,2024
2024-05-19,Tuas,38,38,35.6,0.096,27056,5,2024
2024-05-20,Tanjong Pagar,18,16,35.4,0.105,11328,5,2024
2024-05-20,Keppel,24,23,29.2,0.071,13432,5,2024
2024-05-20,Brani,12,8,32.6,0.039,5216,5,2024
2024-05-20,Pasir Panjang T1-2,30,29,26.9,0.105,15601,5,2024
2024-05-20,Pasir Panjang T3-4,30,26,31.9,0.077,16588,5,2024
2024-05-20,Tuas,38,38,24.5,0.095,18620,5,2024
2024-05-21,Tanjong Pagar,18,17,33.6,0.042,11424,5,2024
2024-05-21,Keppel,24,22,31.1,0.043,13684,5,2024
2024-05-21,Brani,12,8,29.1,0.076,4656,5,2024
2024-05-21,Pasir Panjang T1-2,30,26,34.8,0.111,18096,5,2024
2024-05-21,Pasir Panjang T3-4,30,30,26.7,0.102,16020,5,2024
2024-05-21,Tuas,38,37,23.6,0.073,17464,5,2024
2024-05-22,Tanjong Pagar,18,15,32.3,0.042,9689,5,2024
2024-05-22,Keppel,24,22,34.4,0.034,15136,5,2024
2024-05-22,Brani,12,8,28.3,0.088,4528,5,2024
2024-05-22,Pasir Panjang T1-2,30,26,29.2,0.03,15183,5,2024
2024-05-22,Pasir Panjang T3-4,30,26,25.8,0.12,13416,5,2024
2024-05-22,Tuas,38,36,31.5,0.049,22680,5,2024
2024-05-23,Tanjong Pagar,18,16,24.7,0.079,7904,5,2024
2024-05-23,Keppel,24,23,23.3,0.037,10718,5,2024
2024-05-23,Brani,12,8,28.2,0.035,4512,5,2024
2024-05-23,Pasir Panjang T1-2,30,30,27.3,0.097,16380,5,2024
2024-05-23,Pasir Panjang T3-4,30,27,23.5,0.084,12690,5,2024
2024-05-23,Tuas,38,37,35.2,0.069,26048,5,2024
2024-05-24,Tanjong Pagar,18,16,24.6,0.093,7872,5,2024
2024-05-24,Keppel,24,20,31.9,0.056,12760,5,2024
2024-05-24,Brani,12,12,30.0,0.029,7200,5,2024
2024-05-24,Pasir Panjang T1-2,30,28,33.3,0.042,18647,5,2024
2024-05-24,Pasir Panjang T3-4,30,30,26.2,0.024,15720,5,2024
2024-05-24,Tuas,38,34,35.0,0.095,23800,5,2024
2024-05-25,Tanjong Pagar,18,16,31.4,0.114,10048,5,2024
2024-05-25,Keppel,24,22,30.1,0.076,13244,5,2024
2024-05-25,Brani,12,9,28.2,0.086,5076,5,2024
2024-05-25,Pasir Panjang T1-2,30,26,26.5,0.11,13780,5,2024
2024-05-25,Pasir Panjang T3-4,30,29,30.0,0.042,17400,5,2024
2024-05-25,Tuas,38,37,29.3,0.044,21682,5,2024
2024-05-26,Tanjong Pagar,18,18,29.1,0.108,10476,5,2024
2024-05-26,Keppel,24,24,30.4,0.086,14591,5,2024
2024-05-26,Brani,12,9,27.5,0.087,4950,5,2024
2024-05-26,Pasir Panjang T1-2,30,27,33.5,0.091,18090,5,2024
2024-05-26,Pasir Panjang T3-4,30,28,25.0,0.035,14000,5,2024
2024-05-26,Tuas,38,38,28.2,0.051,21432,5,2024
2024-05-27,Tanjong Pagar,18,18,31.5,0.082,11340,5,2024
2024-05-27,Keppel,24,20,25.3,0.081,10120,5,2024
2024-05-27,Brani,12,8,29.4,0.09,4704,5,2024
2024-05-27,Pasir Panjang T1-2,30,30,31.1,0.046,18660,5,2024
2024-05-27,Pasir Panjang T3-4,30,30,30.8,0.113,18480,5,2024
2024-05-27,Tuas,38,36,34.0,0.06,24480,5,2024
2024-05-28,Tanjong Pagar,18,17,26.3,0.068,8942,5,2024
2024-05-28,Keppel,24,24,33.7,0.079,16176,5,2024
2024-05-28,Brani,12,8,32.3,0.12,5168,5,2024
2024-05-28,Pasir Panjang T1-2,30,29,26.7,0.107,15486,5,2024
2024-05-28,Pasir Panjang T3-4,30,27,29.1,0.095,15714,5,2024
2024-05-28,Tuas,38,35,27.3,0.083,19110,5,2024
2024-05-29,Tanjong Pagar,18,16,31.6,0.09,10112,5,2024
2024-05-29,Keppel,24,24,26.9,0.107,12911,5,2024
2024-05-29,Brani,12,9,25.2,0.032,4536,5,2024
2024-05-29,Pasir Panjang T1-2,30,27,28.8,0.105,15552,5,2024
2024-05-29,Pasir Panjang T3-4,30,29,30.0,0.064,17400,5,2024
2024-05-29,Tuas,38,36,33.5,0.036,24120,5,2024
2024-05-30,Tanjong Pagar,18,16,23.9,0.097,7648,5,2024
2024-05-30,Keppel,24,22,33.2,0.031,14608,5,2024
2024-05-30,Brani,12,9,25.8,0.11,4644,5,2024
2024-05-30,Pasir Panjang T1-2,30,29,29.6,0.055,17168,5,2024
2024-05-30,Pasir Panjang T3-4,30,27,24.7,0.085,13338,5,2024
2024-05-30,Tuas,38,37,29.2,0.064,21607,5,2024
2024-05-31,Tanjong Pagar,18,14,33.0,0.07,9240,5,2024
2024-05-31,Keppel,24,20,23.0,0.057,9200,5,2024
2024-05-31,Brani,12,12,27.9,0.057,6695,5,2024
2024-05-31,Pasir Panjang T1-2,30,30,25.2,0.063,15120,5,2024
2024-05-31,Pasir Panjang T3-4,30,26,32.9,0.084,17108,5,2024
2024-05-31,Tuas,38,34,26.4,0.033,17952,5,2024
2024-06-01,Tanjong Pagar,18,16,23.2,0.118,7424,6,2024
2024-06-01,Keppel,24,23,25.7,0.035,11822,6,2024
2024-06-01,Brani,12,9,32.8,0.117,5904,6,2024
2024-06-01,Pasir Panjang T1-2,30,26,32.1,0.109,16692,6,2024
2024-06-01,Pasir Panjang T3-4,30,29,24.9,0.084,14441,6,2024
2024-06-01,Tuas,38,35,27.0,0.059,18900,6,2024
2024-06-02,Tanjong Pagar,18,16,28.1,0.023,8992,6,2024
2024-06-02,Keppel,24,24,29.8,0.05,14304,6,2024
2024-06-02,Brani,12,11,34.3,0.062,7545,6,2024
2024-06-02,Pasir Panjang T1-2,30,27,35.9,0.029,19386,6,2024
2024-06-02,Pasir Panjang T3-4,30,29,33.8,0.083,19604,6,2024
2024-06-02,Tuas,38,37,24.1,0.021,17834,6,2024
2024-06-03,Tanjong Pagar,18,15,35.1,0.11,10530,6,2024
2024-06-03,Keppel,24,24,30.6,0.05,14688,6,2024
2024-06-03,Brani,12,11,33.2,0.103,7304,6,2024
2024-06-03,Pasir Panjang T1-2,30,27,31.4,0.119,16956,6,2024
2024-06-03,Pasir Panjang T3-4,30,27,23.3,0.076,12582,6,2024
2024-06-03,Tuas,38,38,33.6,0.106,25536,6,2024
2024-06-04,Tanjong Pagar,18,16,31.7,0.06,10144,6,2024
2024-06-04,Keppel,24,21,35.6,0.039,14952,6,2024
2024-06-04,Brani,12,12,31.2,0.077,7488,6,2024
2024-06-04,Pasir Panjang T1-2,30,28,33.0,0.078,18480,6,2024
2024-06-04,Pasir Panjang T3-4,30,27,33.9,0.031,18306,6,2024
2024-06-04,Tuas,38,37,33.2,0.069,24568,6,2024
2024-06-05,Tanjong Pagar,18,18,31.1,0.055,11196,6,2024
2024-06-05,Keppel,24,23,27.1,0.036,12466,6,2024
2024-06-05,Brani,12,10,26.0,0.031,5200,6,2024
2024-06-05,Pasir Panjang T1-2,30,26,31.0,0.055,16120,6,2024
2024-06-05,Pasir Panjang T3-4,30,26,35.9,0.077,18668,6,2024
2024-06-05,Tuas,38,37,28.2,0.049,20867,6,2024
2024-06-06,Tanjong Pagar,18,14,25.9,0.065,7251,6,2024
2024-06-06,Keppel,24,21,25.5,0.038,10710,6,2024
2024-06-06,Brani,12,8,27.5,0.023,4400,6,2024
2024-06-06,Pasir Panjang T1-2,30,26,25.9,0.066,13468,6,2024
2024-06-06,Pasir Panjang T3-4,30,29,28.2,0.092,16356,6,2024
2024-06-06,Tuas,38,34,26.2,0.021,17816,6,2024
2024-06-07,Tanjong Pagar,18,15,32.7,0.088,9810,6,2024
2024-06-07,Keppel,24,20,35.7,0.065,14280,6,2024
2024-06-07,Brani,12,11,31.7,0.037,6974,6,2024
2024-06-07,Pasir Panjang T1-2,30,29,25.6,0.092,14848,6,2024
2024-06-07,Pasir Panjang T3-4,30,29,23.7,0.118,13746,6,2024
2024-06-07,Tuas,38,34,30.6,0.048,20808,6,2024
2024-06-08,Tanjong Pagar,18,15,34.0,0.061,10200,6,2024
2024-06-08,Keppel,24,23,33.5,0.088,15410,6,2024
2024-06-08,Brani,12,11,28.0,0.092,6160,6,2024
2024-06-08,Pasir Panjang T1-2,30,27,34.6,0.022,18684,6,2024
2024-06-08,Pasir Panjang T3-4,30,28,28.0,0.102,15680,6,2024
2024-06-08,Tuas,38,36,33.2,0.113,23904,6,2024
2024-06-09,Tanjong Pagar,18,17,35.6,0.12,12104,6,2024
2024-06-09,Keppel,24,23,31.2,0.024,14352,6,2024
2024-06-09,Brani,12,10,26.5,0.098,5300,6,2024
2024-06-09,Pasir Panjang T1-2,30,27,32.2,0.044,17388,6,2024
2024-06-09,Pasir Panjang T3-4,30,28,27.1,0.039,15176,6,2024
2024-06-09,Tuas,38,34,35.7,0.034,24276,6,2024
2024-06-10,Tanjong Pagar,18,14,30.1,0.094,8428,6,2024
2024-06-10,Keppel,24,22,28.9,0.068,12716,6,2024
2024-06-10,Brani,12,10,30.2,0.068,6040,6,2024
2024-06-10,Pasir Panjang T1-2,30,30,34.9,0.097,20940,6,2024
2024-06-10,Pasir Panjang T3-4,30,29,23.6,0.096,13688,6,2024
2024-06-10,Tuas,38,34,28.7,0.1,19516,6,2024
2024-06-11,Tanjong Pagar,18,18,32.4,0.079,11663,6,2024
2024-06-11,Keppel,24,24,35.4,0.079,16992,6,2024
2024-06-11,Brani,12,10,34.8,0.066,6960,6,2024
2024-06-11,Pasir Panjang T1-2,30,30,24.1,0.061,14460,6,2024
2024-06-11,Pasir Panjang T3-4,30,28,27.3,0.069,15288,6,2024
2024-06-11,Tuas,38,37,28.9,0.02,21386,6,2024
2024-06-12,Tanjong Pagar,18,15,27.7,0.111,8310,6,2024
2024-06-12,Keppel,24,23,24.5,0.093,11270,6,2024
2024-06-12,Brani,12,11,33.9,0.059,7458,6,2024
2024-06-12,Pasir Panjang T1-2,30,28,24.9,0.044,13943,6,2024
2024-06-12,Pasir Panjang T3-4,30,29,29.0,0.026,16820,6,2024
2024-06-12,Tuas,38,36,29.3,0.043,21096,6,2024
2024-06-13,Tanjong Pagar,18,18,31.5,0.036,11340,6,2024
2024-06-13,Keppel,24,22,28.8,0.023,12672,6,2024
2024-06-13,Brani,12,8,24.5,0.068,3920,6,2024
2024-06-13,Pasir Panjang T1-2,30,29,31.3,0.073,18154,6,2024
2024-06-13,Pasir Panjang T3-4,30,30,32.6,0.023,19560,6,2024
2024-06-13,Tuas,38,38,30.5,0.054,23180,6,2024
2024-06-14,Tanjong Pagar,18,16,26.3,0.081,8416,6,2024
2024-06-14,Keppel,24,21,34.4,0.078,14448,6,2024
2024-06-14,Brani,12,8,23.6,0.043,3776,6,2024
2024-06-14,Pasir Panjang T1-2,30,26,31.8,0.106,16536,6,2024
2024-06-14,Pasir Panjang T3-4,30,30,34.9,0.114,20940,6,2024
2024-06-14,Tuas,38,38,31.1,0.031,23636,6,2024
2024-06-15,Tanjong Pagar,18,17,30.5,0.03,10370,6,2024
2024-06-15,Keppel,24,20,31.3,0.089,12520,6,2024
2024-06-15,Brani,12,9,32.9,0.064,5921,6,2024
2024-06-15,Pasir Panjang T1-2,30,26,23.8,0.053,12376,6,2024
2024-06-15,Pasir Panjang T3-4,30,30,34.2,0.101,20520,6,2024
2024-06-15,Tuas,38,38,33.6,0.069,25536,6,2024
2024-06-16,Tanjong Pagar,18,15,34.7,0.026,10410,6,2024
2024-06-16,Keppel,24,22,27.9,0.026,12276,6,2024
2024-06-16,Brani,12,9,25.8,0.074,4644,6,2024
2024-06-16,Pasir Panjang T1-2,30,27,32.2,0.072,17388,6,2024
2024-06-16,Pasir Panjang T3-4,30,29,26.0,0.104,15080,6,2024
2024-06-16,Tuas,38,38,32.9,0.02,25004,6,2024
2024-06-17,Tanjong Pagar,18,16,34.5,0.061,11040,6,2024
2024-06-17,Keppel,24,24,27.8,0.07,13344,6,2024
2024-06-17,Brani,12,12,32.6,0.076,7824,6,2024
2024-06-17,Pasir Panjang T1-2,30,27,24.1,0.106,13014,6,2024
2024-06-17,Pasir Panjang T3-4,30,30,26.2,0.097,15720,6,2024
2024-06-17,Tuas,38,35,29.4,0.114,20580,6,2024
2024-06-18,Tanjong Pagar,18,16,30.8,0.023,9856,6,2024
2024-06-18,Keppel,24,21,35.8,0.021,15036,6,2024
2024-06-18,Brani,12,10,23.3,0.047,4660,6,2024
2024-06-18,Pasir Panjang T1-2,30,27,35.3,0.057,19062,6,2024
2024-06-18,Pasir Panjang T3-4,30,30,34.6,0.022,20760,6,2024
2024-06-18,Tuas,38,36,34.9,0.118,25127,6,2024
2024-06-19,Tanjong Pagar,18,16,25.5,0.089,8160,6,2024
2024-06-19,Keppel,24,22,33.1,0.061,14564,6,2024
2024-06-19,Brani,12,8,26.1,0.025,4176,6,2024
2024-06-19,Pasir Panjang T1-2,30,30,31.3,0.073,18780,6,2024
2024-06-19,Pasir Panjang T3-4,30,26,25.8,0.078,13416,6,2024
2024-06-19,Tuas,38,34,31.5,0.088,21420,6,2024
2024-06-20,Tanjong Pagar,18,17,32.6,0.089,11084,6,2024
2024-06-20,Keppel,24,22,24.8,0.078,10912,6,2024
2024-06-20,Brani,12,9,31.8,0.082,5724,6,2024
2024-06-20,Pasir Panjang T1-2,30,26,35.0,0.039,18200,6,2024
2024-06-20,Pasir Panjang T3-4,30,28,24.3,0.051,13608,6,2024
2024-06-20,Tuas,38,36,31.9,0.039,22967,6,2024
2024-06-21,Tanjong Pagar,18,14,28.7,0.056,8036,6,2024
2024-06-21,Keppel,24,24,33.3,0.101,15983,6,2024
2024-06-21,Brani,12,11,35.8,0.098,7875,6,2024
2024-06-21,Pasir Panjang T1-2,30,26,27.9,0.025,14508,6,2024
2024-06-21,Pasir Panjang T3-4,30,27,24.8,0.024,13392,6,2024
2024-06-21,Tuas,38,35,27.7,0.035,19390,6,2024
2024-06-22,Tanjong Pagar,18,16,32.0,0.05,10240,6,2024
2024-06-22,Keppel,24,22,25.6,0.076,11264,6,2024
2024-06-22,Brani,12,8,32.4,0.065,5184,6,2024
2024-06-22,Pasir Panjang T1-2,30,30,26.0,0.061,15600,6,2024
2024-06-22,Pasir Panjang T3-4,30,27,30.6,0.045,16524,6,2024
2024-06-22,Tuas,38,34,25.0,0.097,17000,6,2024
2024-06-23,Tanjong Pagar,18,17,33.0,0.046,11220,6,2024
2024-06-23,Keppel,24,21,29.9,0.025,12558,6,2024
2024-06-23,Brani,12,10,31.0,0.111,6200,6,2024
2024-06-23,Pasir Panjang T1-2,30,28,35.5,0.062,19880,6,2024
2024-06-23,Pasir Panjang T3-4,30,26,30.7,0.092,15963,6,2024
2024-06-23,Tuas,38,34,25.4,0.045,17272,6,2024
2024-06-24,Tanjong Pagar,18,18,29.0,0.051,10440,6,2024
2024-06-24,Keppel,24,23,34.0,0.037,15640,6,2024
2024-06-24,Brani,12,12,25.8,0.097,6192,6,2024
2024-06-24,Pasir Panjang T1-2,30,26,31.6,0.024,16432,6,2024
2024-06-24,Pasir Panjang T3-4,30,27,24.8,0.05,13392,6,2024
2024-06-24,Tuas,38,34,25.3,0.088,17204,6,2024
2024-06-25,Tanjong Pagar,18,18,34.4,0.068,12383,6,2024
2024-06-25,Keppel,24,24,24.7,0.025,11856,6,2024
2024-06-25,Brani,12,11,29.4,0.035,6468,6,2024
2024-06-25,Pasir Panjang T1-2,30,27,23.3,0.03,12582,6,2024
2024-06-25,Pasir Panjang T3-4,30,29,25.5,0.101,14790,6,2024
2024-06-25,Tuas,38,37,34.9,0.053,25826,6,2024
2024-06-26,Tanjong Pagar,18,17,26.8,0.092,9112,6,2024
2024-06-26,Keppel,24,23,25.8,0.06,11868,6,2024
2024-06-26,Brani,12,9,31.2,0.028,5616,6,2024
2024-06-26,Pasir Panjang T1-2,30,30,24.0,0.119,14400,6,2024
2024-06-26,Pasir Panjang T3-4,30,29,25.6,0.066,14848,6,2024
2024-06-26,Tuas,38,35,27.8,0.086,19460,6,2024
2024-06-27,Tanjong Pagar,18,18,31.2,0.106,11232,6,2024
2024-06-27,Keppel,24,22,29.1,0.09,12804,6,2024
2024-06-27,Brani,12,12,33.9,0.064,8135,6,2024
2024-06-27,Pasir Panjang T1-2,30,28,26.7,0.112,14952,6,2024
2024-06-27,Pasir Panjang T3-4,30,28,32.3,0.087,18087,6,2024
2024-06-27,Tuas,38,36,32.0,0.03,23040,6,2024
2024-06-28,Tanjong Pagar,18,18,35.3,0.07,12708,6,2024
2024-06-28,Keppel,24,21,24.5,0.049,10290,6,2024
2024-06-28,Brani,12,9,28.4,0.035,5112,6,2024
2024-06-28,Pasir Panjang T1-2,30,26,33.8,0.063,17576,6,2024
2024-06-28,Pasir Panjang T3-4,30,26,31.6,0.07,16432,6,2024
2024-06-28,Tuas,38,38,24.3,0.04,18468,6,2024
2024-06-29,Tanjong Pagar,18,15,27.4,0.1,8220,6,2024
2024-06-29,Keppel,24,22,30.8,0.054,13552,6,2024
2024-06-29,Brani,12,10,27.8,0.074,5560,6,2024
2024-06-29,Pasir Panjang T1-2,30,28,24.1,0.068,13496,6,2024
2024-06-29,Pasir Panjang T3-4,30,26,33.4,0.054,17368,6,2024
2024-06-29,Tuas,38,35,32.7,0.028,22890,6,2024
2024-06-30,Tanjong Pagar,18,16,28.9,0.06,9248,6,2024
2024-06-30,Keppel,24,24,30.5,0.059,14640,6,2024
2024-06-30,Brani,12,10,23.7,0.063,4740,6,2024
2024-06-30,Pasir Panjang T1-2,30,27,27.1,0.096,14634,6,2024
2024-06-30,Pasir Panjang T3-4,30,26,23.6,0.066,12272,6,2024
2024-06-30,Tuas,38,34,31.2,0.055,21216,6,2024
2024-07-01,Tanjong Pagar,18,16,27.3,0.059,8736,7,2024
2024-07-01,Keppel,24,24,27.7,0.048,13296,7,2024
2024-07-01,Brani,12,9,35.4,0.104,6371,7,2024
2024-07-01,Pasir Panjang T1-2,30,29,28.7,0.051,16646,7,2024
2024-07-01,Pasir Panjang T3-4,30,27,32.0,0.085,17280,7,2024
2024-07-01,Tuas,38,38,35.1,0.04,26676,7,2024
2024-07-02,Tanjong Pagar,18,17,30.5,0.112,10370,7,2024
2024-07-02,Keppel,24,23,25.5,0.066,11730,7,2024
2024-07-02,Brani,12,10,23.7,0.036,4740,7,2024
2024-07-02,Pasir Panjang T1-2,30,26,35.8,0.061,18616,7,2024
2024-07-02,Pasir Panjang T3-4,30,27,30.0,0.101,16200,7,2024
2024-07-02,Tuas,38,35,25.0,0.083,17500,7,2024
2024-07-03,Tanjong Pagar,18,16,32.4,0.059,10368,7,2024
2024-07-03,Keppel,24,22,27.1,0.093,11924,7,2024
2024-07-03,Brani,12,10,27.6,0.093,5520,7,2024
2024-07-03,Pasir Panjang T1-2,30,30,32.3,0.04,19379,7,2024
2024-07-03,Pasir Panjang T3-4,30,28,27.0,0.032,15120,7,2024
2024-07-03,Tuas,38,38,35.6,0.079,27056,7,2024
2024-07-04,Tanjong Pagar,18,18,30.8,0.119,11088,7,2024
2024-07-04,Keppel,24,23,32.4,0.093,14903,7,2024
2024-07-04,Brani,12,8,23.2,0.024,3712,7,2024
2024-07-04,Pasir Panjang T1-2,30,28,33.9,0.045,18984,7,2024
2024-07-04,Pasir Panjang T3-4,30,28,24.5,0.059,13720,7,2024
2024-07-04,Tuas,38,35,35.3,0.032,24710,7,2024
2024-07-05,Tanjong Pagar,18,15,25.8,0.042,7740,7,2024
2024-07-05,Keppel,24,23,31.2,0.11,14352,7,2024
2024-07-05,Brani,12,11,34.9,0.12,7678,7,2024
2024-07-05,Pasir Panjang T1-2,30,29,34.9,0.048,20242,7,2024
2024-07-05,Pasir Panjang T3-4,30,30,32.0,0.082,19200,7,2024
2024-07-05,Tuas,38,34,24.1,0.084,16388,7,2024
2024-07-06,Tanjong Pagar,18,16,31.0,0.049,9920,7,2024
2024-07-06,Keppel,24,20,34.6,0.041,13840,7,2024
2024-07-06,Brani,12,11,23.6,0.094,5192,7,2024
2024-07-06,Pasir Panjang T1-2,30,28,34.8,0.112,19487,7,2024
2024-07-06,Pasir Panjang T3-4,30,28,31.2,0.095,17472,7,2024
2024-07-06,Tuas,38,35,28.2,0.063,19740,7,2024
2024-07-07,Tanjong Pagar,18,14,30.9,0.021,8652,7,2024
2024-07-07,Keppel,24,21,33.2,0.114,13944,7,2024
2024-07-07,Brani,12,10,34.1,0.117,6820,7,2024
2024-07-07,Pasir Panjang T1-2,30,30,26.7,0.066,16020,7,2024
2024-07-07,Pasir Panjang T3-4,30,30,30.0,0.108,18000,7,2024
2024-07-07,Tuas,38,35,29.3,0.071,20510,7,2024
2024-07-08,Tanjong Pagar,18,14,29.5,0.022,8260,7,2024
2024-07-08,Keppel,24,24,33.6,0.062,16128,7,2024
2024-07-08,Brani,12,8,32.8,0.053,5248,7,2024
2024-07-08,Pasir Panjang T1-2,30,29,34.9,0.089,20242,7,2024
2024-07-08,Pasir Panjang T3-4,30,30,24.0,0.038,14400,7,2024
2024-07-08,Tuas,38,34,30.7,0.036,20876,7,2024
2024-07-09,Tanjong Pagar,18,17,25.6,0.022,8704,7,2024
2024-07-09,Keppel,24,22,28.2,0.044,12408,7,2024
2024-07-09,Brani,12,8,30.1,0.061,4816,7,2024
2024-07-09,Pasir Panjang T1-2,30,28,27.5,0.057,15400,7,2024
2024-07-09,Pasir Panjang T3-4,30,26,30.7,0.042,15963,7,2024
2024-07-09,Tuas,38,34,28.3,0.088,19244,7,2024
2024-07-10,Tanjong Pagar,18,16,35.6,0.093,11392,7,2024
2024-07-10,Keppel,24,23,25.4,0.022,11683,7,2024
2024-07-10,Brani,12,12,23.1,0.097,5544,7,2024
2024-07-10,Pasir Panjang T1-2,30,26,29.8,0.068,15496,7,2024
2024-07-10,Pasir Panjang T3-4,30,27,25.4,0.045,13716,7,2024
2024-07-10,Tuas,38,36,35.5,0.033,25560,7,2024
2024-07-11,Tanjong Pagar,18,16,34.2,0.114,10944,7,2024
2024-07-11,Keppel,24,20,23.4,0.095,9360,7,2024
2024-07-11,Brani,12,8,25.8,0.025,4128,7,2024
2024-07-11,Pasir Panjang T1-2,30,28,27.2,0.097,15232,7,2024
2024-07-11,Pasir Panjang T3-4,30,29,31.8,0.04,18444,7,2024
2024-07-11,Tuas,38,38,28.0,0.034,21280,7,2024
2024-07-12,Tanjong Pagar,18,17,25.2,0.067,8568,7,2024
2024-07-12,Keppel,24,20,28.2,0.052,11280,7,2024
2024-07-12,Brani,12,9,28.3,0.113,5094,7,2024
2024-07-12,Pasir Panjang T1-2,30,27,29.2,0.057,15768,7,2024
2024-07-12,Pasir Panjang T3-4,30,29,35.5,0.035,20590,7,2024
2024-07-12,Tuas,38,34,25.0,0.107,17000,7,2024
2024-07-13,Tanjong Pagar,18,16,26.8,0.049,8576,7,2024
2024-07-13,Keppel,24,22,26.5,0.05,11660,7,2024
2024-07-13,Brani,12,12,29.5,0.048,7080,7,2024
2024-07-13,Pasir Panjang T1-2,30,27,26.7,0.048,14418,7,2024
2024-07-13,Pasir Panjang T3-4,30,27,31.9,0.114,17226,7,2024
2024-07-13,Tuas,38,35,35.0,0.075,24500,7,2024
2024-07-14,Tanjong Pagar,18,18,30.2,0.065,10872,7,2024
2024-07-14,Keppel,24,21,32.1,0.061,13482,7,2024
2024-07-14,Brani,12,10,31.8,0.1,6360,7,2024
2024-07-14,Pasir Panjang T1-2,30,29,31.6,0.103,18328,7,2024
2024-07-14,Pasir Panjang T3-4,30,27,33.8,0.062,18252,7,2024
2024-07-14,Tuas,38,37,33.1,0.111,24494,7,2024
2024-07-15,Tanjong Pagar,18,18,30.7,0.029,11052,7,2024
2024-07-15,Keppel,24,20,30.0,0.029,12000,7,2024
2024-07-15,Brani,12,10,27.5,0.032,5500,7,2024
2024-07-15,Pasir Panjang T1-2,30,29,32.8,0.055,19024,7,2024
2024-07-15,Pasir Panjang T3-4,30,29,28.1,0.06,16298,7,2024
2024-07-15,Tuas,38,36,27.7,0.114,19944,7,2024
2024-07-16,Tanjong Pagar,18,15,26.7,0.099,8010,7,2024
2024-07-16,Keppel,24,23,23.5,0.056,10810,7,2024
2024-07-16,Brani,12,9,28.3,0.074,5094,7,2024
2024-07-16,Pasir Panjang T1-2,30,27,25.2,0.102,13608,7,2024
2024-07-16,Pasir Panjang T3-4,30,26,35.1,0.084,18252,7,2024
2024-07-16,Tuas,38,37,26.2,0.035,19388,7,2024
2024-07-17,Tanjong Pagar,18,18,25.2,0.116,9072,7,2024
2024-07-17,Keppel,24,22,34.6,0.032,15224,7,2024
2024-07-17,Brani,12,12,31.4,0.039,7535,7,2024
2024-07-17,Pasir Panjang T1-2,30,30,30.9,0.042,18540,7,2024
2024-07-17,Pasir Panjang T3-4,30,28,26.1,0.056,14616,7,2024
2024-07-17,Tuas,38,34,33.7,0.039,22916,7,2024
2024-07-18,Tanjong Pagar,18,15,23.6,0.045,7080,7,2024
2024-07-18,Keppel,24,24,35.0,0.087,16800,7,2024
2024-07-18,Brani,12,12,34.4,0.036,8256,7,2024
2024-07-18,Pasir Panjang T1-2,30,29,34.8,0.105,20184,7,2024
2024-07-18,Pasir Panjang T3-4,30,27,35.9,0.116,19386,7,2024
2024-07-18,Tuas,38,37,27.4,0.104,20276,7,2024
2024-07-19,Tanjong Pagar,18,14,28.1,0.095,7868,7,2024
2024-07-19,Keppel,24,20,30.9,0.071,12360,7,2024
2024-07-19,Brani,12,12,28.8,0.023,6912,7,2024
2024-07-19,Pasir Panjang T1-2,30,26,28.3,0.05,14716,7,2024
2024-07-19,Pasir Panjang T3-4,30,30,34.7,0.114,20820,7,2024
2024-07-19,Tuas,38,37,30.0,0.092,22200,7,2024
2024-07-20,Tanjong Pagar,18,15,29.2,0.085,8760,7,2024
2024-07-20,Keppel,24,21,23.8,0.032,9996,7,2024
2024-07-20,Brani,12,12,30.0,0.032,7200,7,2024
2024-07-20,Pasir Panjang T1-2,30,28,27.0,0.08,15120,7,2024
2024-07-20,Pasir Panjang T3-4,30,28,35.8,0.035,20047,7,2024
2024-07-20,Tuas,38,35,28.0,0.055,19600,7,2024
2024-07-21,Tanjong Pagar,18,17,33.8,0.036,11491,7,2024
2024-07-21,Keppel,24,21,29.3,0.05,12306,7,2024
2024-07-21,Brani,12,8,24.4,0.068,3904,7,2024
2024-07-21,Pasir Panjang T1-2,30,27,32.8,0.031,17712,7,2024
2024-07-21,Pasir Panjang T3-4,30,29,31.6,0.02,18328,7,2024
2024-07-21,Tuas,38,34,26.9,0.022,18292,7,2024
2024-07-22,Tanjong Pagar,18,14,24.8,0.057,6944,7,2024
2024-07-22,Keppel,24,24,29.6,0.105,14208,7,2024
2024-07-22,Brani,12,9,31.7,0.094,5706,7,2024
2024-07-22,Pasir Panjang T1-2,30,26,35.8,0.038,18616,7,2024
2024-07-22,Pasir Panjang T3-4,30,27,35.3,0.087,19062,7,2024
2024-07-22,Tuas,38,37,24.0,0.043,17760,7,2024
2024-07-23,Tanjong Pagar,18,15,25.2,0.094,7560,7,2024
2024-07-23,Keppel,24,22,28.2,0.116,12408,7,2024
2024-07-23,Brani,12,12,31.4,0.105,7535,7,2024
2024-07-23,Pasir Panjang T1-2,30,29,28.9,0.068,16762,7,2024
2024-07-23,Pasir Panjang T3-4,30,28,34.0,0.048,19040,7,2024
2024-07-23,Tuas,38,36,34.9,0.045,25127,7,2024
2024-07-24,Tanjong Pagar,18,18,27.4,0.099,9864,7,2024
2024-07-24,Keppel,24,22,35.8,0.072,15751,7,2024
2024-07-24,Brani,12,11,29.8,0.062,6556,7,2024
2024-07-24,Pasir Panjang T1-2,30,28,32.4,0.097,18144,7,2024
2024-07-24,Pasir Panjang T3-4,30,26,23.8,0.047,12376,7,2024
2024-07-24,Tuas,38,37,30.2,0.03,22347,7,2024
2024-07-25,Tanjong Pagar,18,18,24.7,0.11,8892,7,2024
2024-07-25,Keppel,24,23,35.7,0.048,16422,7,2024
2024-07-25,Brani,12,9,32.0,0.062,5760,7,2024
2024-07-25,Pasir Panjang T1-2,30,28,27.7,0.102,15512,7,2024
2024-07-25,Pasir Panjang T3-4,30,27,24.8,0.113,13392,7,2024
2024-07-25,Tuas,38,36,31.8,0.114,22896,7,2024
2024-07-26,Tanjong Pagar,18,18,28.4,0.063,10224,7,2024
2024-07-26,Keppel,24,21,24.4,0.039,10248,7,2024
2024-07-26,Brani,12,11,25.8,0.03,5676,7,2024
2024-07-26,Pasir Panjang T1-2,30,30,33.8,0.112,20279,7,2024
2024-07-26,Pasir Panjang T3-4,30,29,31.5,0.068,18270,7,2024
2024-07-26,Tuas,38,38,27.0,0.054,20520,7,2024
2024-07-27,Tanjong Pagar,18,18,34.9,0.089,12563,7,2024
2024-07-27,Keppel,24,20,29.7,0.042,11880,7,2024
2024-07-27,Brani,12,8,29.9,0.069,4784,7,2024
2024-07-27,Pasir Panjang T1-2,30,27,34.5,0.116,18630,7,2024
2024-07-27,Pasir Panjang T3-4,30,27,33.3,0.077,17982,7,2024
2024-07-27,Tuas,38,36,26.0,0.046,18720,7,2024
2024-07-28,Tanjong Pagar,18,17,23.5,0.089,7990,7,2024
2024-07-28,Keppel,24,23,31.9,0.032,14673,7,2024
2024-07-28,Brani,12,11,23.7,0.038,5214,7,2024
2024-07-28,Pasir Panjang T1-2,30,30,25.1,0.034,15060,7,2024
2024-07-28,Pasir Panjang T3-4,30,28,33.2,0.074,18592,7,2024
2024-07-28,Tuas,38,36,27.8,0.11,20016,7,2024
2024-07-29,Tanjong Pagar,18,16,30.5,0.112,9760,7,2024
2024-07-29,Keppel,24,21,33.7,0.052,14154,7,2024
2024-07-29,Brani,12,8,29.1,0.087,4656,7,2024
2024-07-29,Pasir Panjang T1-2,30,28,23.8,0.105,13328,7,2024
2024-07-29,Pasir Panjang T3-4,30,30,31.5,0.024,18900,7,2024
2024-07-29,Tuas,38,37,25.5,0.063,18870,7,2024
2024-07-30,Tanjong Pagar,18,17,32.8,0.059,11151,7,2024
2024-07-30,Keppel,24,20,33.0,0.044,13200,7,2024
2024-07-30,Brani,12,8,29.2,0.023,4672,7,2024
2024-07-30,Pasir Panjang T1-2,30,30,29.2,0.084,17520,7,2024
2024-07-30,Pasir Panjang T3-4,30,30,23.6,0.07,14160,7,2024
2024-07-30,Tuas,38,34,30.1,0.061,20468,7,2024
2024-07-31,Tanjong Pagar,18,17,34.6,0.032,11764,7,2024
2024-07-31,Keppel,24,22,35.0,0.04,15400,7,2024
2024-07-31,Brani,12,12,29.3,0.094,7032,7,2024
2024-07-31,Pasir Panjang T1-2,30,28,27.5,0.116,15400,7,2024
2024-07-31,Pasir Panjang T3-4,30,26,30.9,0.074,16068,7,2024
2024-07-31,Tuas,38,34,23.2,0.036,15776,7,2024
2024-08-01,Tanjong Pagar,18,16,29.2,0.05,9344,8,2024
2024-08-01,Keppel,24,24,28.7,0.03,13776,8,2024
2024-08-01,Brani,12,12,27.6,0.093,6624,8,2024
2024-08-01,Pasir Panjang T1-2,30,30,23.8,0.1,14280,8,2024
2024-08-01,Pasir Panjang T3-4,30,29,30.1,0.105,17458,8,2024
2024-08-01,Tuas,38,35,30.1,0.094,21070,8,2024
2024-08-02,Tanjong Pagar,18,14,30.0,0.067,8400,8,2024
2024-08-02,Keppel,24,20,27.5,0.031,11000,8,2024
2024-08-02,Brani,12,8,29.0,0.054,4640,8,2024
2024-08-02,Pasir Panjang T1-2,30,26,23.3,0.099,12116,8,2024
2024-08-02,Pasir Panjang T3-4,30,26,24.0,0.101,12480,8,2024
2024-08-02,Tuas,38,38,25.0,0.044,19000,8,2024
2024-08-03,Tanjong Pagar,18,15,30.5,0.059,9150,8,2024
2024-08-03,Keppel,24,20,34.3,0.08,13720,8,2024
2024-08-03,Brani,12,12,33.1,0.106,7944,8,2024
2024-08-03,Pasir Panjang T1-2,30,27,26.3,0.056,14202,8,2024
2024-08-03,Pasir Panjang T3-4,30,27,32.1,0.106,17334,8,2024
2024-08-03,Tuas,38,37,31.5,0.043,23310,8,2024
2024-08-04,Tanjong Pagar,18,15,28.2,0.06,8460,8,2024
2024-08-04,Keppel,24,21,26.0,0.071,10920,8,2024
2024-08-04,Brani,12,12,30.7,0.116,7368,8,2024
2024-08-04,Pasir Panjang T1-2,30,28,23.6,0.101,13216,8,2024
2024-08-04,Pasir Panjang T3-4,30,27,24.2,0.102,13068,8,2024
2024-08-04,Tuas,38,35,30.1,0.048,21070,8,2024
2024-08-05,Tanjong Pagar,18,15,27.2,0.115,8160,8,2024
2024-08-05,Keppel,24,21,25.2,0.021,10583,8,2024
2024-08-05,Brani,12,8,34.9,0.077,5584,8,2024
2024-08-05,Pasir Panjang T1-2,30,30,32.7,0.063,19620,8,2024
2024-08-05,Pasir Panjang T3-4,30,29,26.0,0.107,15080,8,2024
2024-08-05,Tuas,38,34,31.2,0.069,21216,8,2024
2024-08-06,Tanjong Pagar,18,17,29.2,0.047,9928,8,2024
2024-08-06,Keppel,24,24,25.2,0.052,12096,8,2024
2024-08-06,Brani,12,11,33.4,0.113,7348,8,2024
2024-08-06,Pasir Panjang T1-2,30,29,29.9,0.046,17342,8,2024
2024-08-06,Pasir Panjang T3-4,30,26,34.4,0.087,17888,8,2024
2024-08-06,Tuas,38,38,35.4,0.057,26904,8,2024
2024-08-07,Tanjong Pagar,18,16,28.7,0.094,9184,8,2024
2024-08-07,Keppel,24,23,25.1,0.107,11546,8,2024
2024-08-07,Brani,12,11,31.3,0.039,6886,8,2024
2024-08-07,Pasir Panjang T1-2,30,30,32.0,0.079,19200,8,2024
2024-08-07,Pasir Panjang T3-4,30,30,26.6,0.027,15960,8,2024
2024-08-07,Tuas,38,34,29.6,0.034,20128,8,2024
2024-08-08,Tanjong Pagar,18,14,25.4,0.116,7111,8,2024
2024-08-08,Keppel,24,21,25.5,0.055,10710,8,2024
2024-08-08,Brani,12,12,35.8,0.074,8592,8,2024
2024-08-08,Pasir Panjang T1-2,30,26,26.5,0.094,13780,8,2024
2024-08-08,Pasir Panjang T3-4,30,30,31.6,0.062,18960,8,2024
2024-08-08,Tuas,38,34,23.7,0.061,16116,8,2024
2024-08-09,Tanjong Pagar,18,17,35.4,0.097,12036,8,2024
2024-08-09,Keppel,24,20,29.7,0.055,11880,8,2024
2024-08-09,Brani,12,11,29.7,0.116,6534,8,2024
2024-08-09,Pasir Panjang T1-2,30,27,30.0,0.105,16200,8,2024
2024-08-09,Pasir Panjang T3-4,30,30,27.7,0.048,16620,8,2024
2024-08-09,Tuas,38,34,23.1,0.046,15708,8,2024
2024-08-10,Tanjong Pagar,18,14,26.1,0.021,7308,8,2024
2024-08-10,Keppel,24,21,24.6,0.032,10332,8,2024
2024-08-10,Brani,12,8,27.5,0.074,4400,8,2024
2024-08-10,Pasir Panjang T1-2,30,28,27.7,0.081,15512,8,2024
2024-08-10,Pasir Panjang T3-4,30,26,33.2,0.103,17264,8,2024
2024-08-10,Tuas,38,36,28.7,0.101,20664,8,2024
2024-08-11,Tanjong Pagar,18,17,28.9,0.044,9826,8,2024
2024-08-11,Keppel,24,20,35.7,0.061,14280,8,2024
2024-08-11,Brani,12,10,33.7,0.061,6740,8,2024
2024-08-11,Pasir Panjang T1-2,30,28,28.3,0.07,15848,8,2024
2024-08-11,Pasir Panjang T3-4,30,29,28.1,0.036,16298,8,2024
2024-08-11,Tuas,38,38,25.3,0.07,19228,8,2024
2024-08-12,Tanjong Pagar,18,15,28.4,0.073,8520,8,2024
2024-08-12,Keppel,24,23,29.3,0.105,13478,8,2024
2024-08-12,Brani,12,10,33.4,0.03,6680,8,2024
2024-08-12,Pasir Panjang T1-2,30,26,28.1,0.092,14612,8,2024
2024-08-12,Pasir Panjang T3-4,30,30,23.7,0.031,14220,8,2024
2024-08-12,Tuas,38,36,35.3,0.055,25416,8,2024
2024-08-13,Tanjong Pagar,18,18,23.8,0.115,8568,8,2024
2024-08-13,Keppel,24,23,32.5,0.078,14950,8,2024
2024-08-13,Brani,12,12,24.6,0.113,5904,8,2024
2024-08-13,Pasir Panjang T1-2,30,29,35.9,0.042,20822,8,2024
2024-08-13,Pasir Panjang T3-4,30,30,31.9,0.058,19140,8,2024
2024-08-13,Tuas,38,37,35.2,0.041,26048,8,2024
2024-08-14,Tanjong Pagar,18,16,30.4,0.039,9728,8,2024
2024-08-14,Keppel,24,21,24.8,0.077,10416,8,2024
2024-08-14,Brani,12,8,29.0,0.111,4640,8,2024
2024-08-14,Pasir Panjang T1-2,30,28,32.0,0.113,17920,8,2024
2024-08-14,Pasir Panjang T3-4,30,28,27.8,0.025,15568,8,2024
2024-08-14,Tuas,38,34,32.1,0.11,21828,8,2024
2024-08-15,Tanjong Pagar,18,17,26.6,0.052,9044,8,2024
2024-08-15,Keppel,24,23,24.3,0.088,11178,8,2024
2024-08-15,Brani,12,9,26.5,0.095,4770,8,2024
2024-08-15,Pasir Panjang T1-2,30,28,35.7,0.056,19992,8,2024
2024-08-15,Pasir Panjang T3-4,30,27,30.8,0.086,16632,8,2024
2024-08-15,Tuas,38,34,30.7,0.062,20876,8,2024
2024-08-16,Tanjong Pagar,18,17,27.0,0.057,9180,8,2024
2024-08-16,Keppel,24,23,35.4,0.091,16283,8,2024
2024-08-16,Brani,12,8,27.8,0.1,4448,8,2024
2024-08-16,Pasir Panjang T1-2,30,26,34.6,0.039,17992,8,2024
2024-08-16,Pasir Panjang T3-4,30,28,27.0,0.065,15120,8,2024
2024-08-16,Tuas,38,38,28.5,0.066,21660,8,2024
2024-08-17,Tanjong Pagar,18,14,23.3,0.041,6524,8,2024
2024-08-17,Keppel,24,21,31.7,0.062,13313,8,2024
2024-08-17,Brani,12,9,33.5,0.05,6030,8,2024
2024-08-17,Pasir Panjang T1-2,30,26,30.0,0.032,15600,8,2024
2024-08-17,Pasir Panjang T3-4,30,29,27.0,0.077,15660,8,2024
2024-08-17,Tuas,38,35,26.9,0.067,18830,8,2024
2024-08-18,Tanjong Pagar,18,16,33.5,0.114,10720,8,2024
2024-08-18,Keppel,24,21,35.8,0.078,15036,8,2024
2024-08-18,Brani,12,10,23.9,0.022,4780,8,2024
2024-08-18,Pasir Panjang T1-2,30,29,29.6,0.111,17168,8,2024
2024-08-18,Pasir Panjang T3-4,30,28,27.5,0.083,15400,8,2024
2024-08-18,Tuas,38,34,32.4,0.056,22032,8,2024
2024-08-19,Tanjong Pagar,18,17,23.2,0.022,7888,8,2024
2024-08-19,Keppel,24,21,28.1,0.044,11802,8,2024
2024-08-19,Brani,12,8,25.3,0.048,4048,8,2024
2024-08-19,Pasir Panjang T1-2,30,28,29.5,0.107,16520,8,2024
2024-08-19,Pasir Panjang T3-4,30,28,34.6,0.026,19376,8,2024
2024-08-19,Tuas,38,38,27.4,0.051,20824,8,2024
2024-08-20,Tanjong Pagar,18,16,28.3,0.054,9056,8,2024
2024-08-20,Keppel,24,20,26.8,0.097,10720,8,2024
2024-08-20,Brani,12,11,33.5,0.021,7370,8,2024
2024-08-20,Pasir Panjang T1-2,30,28,30.4,0.08,17024,8,2024
2024-08-20,Pasir Panjang T3-4,30,28,33.7,0.116,18872,8,2024
2024-08-20,Tuas,38,38,32.3,0.11,24547,8,2024
2024-08-21,Tanjong Pagar,18,16,23.1,0.025,7392,8,2024
2024-08-21,Keppel,24,24,30.4,0.114,14591,8,2024
2024-08-21,Brani,12,12,32.3,0.07,7751,8,2024
2024-08-21,Pasir Panjang T1-2,30,26,29.1,0.114,15132,8,2024
2024-08-21,Pasir Panjang T3-4,30,27,34.4,0.051,18576,8,2024
2024-08-21,Tuas,38,34,25.1,0.073,17068,8,2024
2024-08-22,Tanjong Pagar,18,14,26.5,0.117,7420,8,2024
2024-08-22,Keppel,24,21,24.8,0.038,10416,8,2024
2024-08-22,Brani,12,9,24.7,0.07,4446,8,2024
2024-08-22,Pasir Panjang T1-2,30,30,30.1,0.035,18060,8,2024
2024-08-22,Pasir Panjang T3-4,30,29,35.3,0.054,20474,8,2024
2024-08-22,Tuas,38,37,30.2,0.099,22347,8,2024
2024-08-23,Tanjong Pagar,18,15,27.7,0.058,8310,8,2024
2024-08-23,Keppel,24,20,25.1,0.087,10040,8,2024
2024-08-23,Brani,12,8,29.4,0.065,4704,8,2024
2024-08-23,Pasir Panjang T1-2,30,29,27.3,0.057,15834,8,2024
2024-08-23,Pasir Panjang T3-4,30,27,31.7,0.09,17118,8,2024
2024-08-23,Tuas,38,37,30.9,0.077,22866,8,2024
2024-08-24,Tanjong Pagar,18,15,28.1,0.045,8430,8,2024
2024-08-24,Keppel,24,24,25.2,0.062,12096,8,2024
2024-08-24,Brani,12,11,24.5,0.097,5390,8,2024
2024-08-24,Pasir Panjang T1-2,30,28,25.3,0.029,14168,8,2024
2024-08-24,Pasir Panjang T3-4,30,30,32.6,0.036,19560,8,2024
2024-08-24,Tuas,38,36,26.4,0.088,19008,8,2024
2024-08-25,Tanjong Pagar,18,18,35.3,0.114,12708,8,2024
2024-08-25,Keppel,24,22,23.8,0.033,10472,8,2024
2024-08-25,Brani,12,8,28.8,0.045,4608,8,2024
2024-08-25,Pasir Panjang T1-2,30,27,26.8,0.091,14472,8,2024
2024-08-25,Pasir Panjang T3-4,30,30,31.4,0.107,18840,8,2024
2024-08-25,Tuas,38,35,23.2,0.101,16240,8,2024
2024-08-26,Tanjong Pagar,18,16,34.4,0.07,11008,8,2024
2024-08-26,Keppel,24,20,33.1,0.049,13240,8,2024
2024-08-26,Brani,12,8,32.9,0.055,5264,8,2024
2024-08-26,Pasir Panjang T1-2,30,28,27.3,0.038,15288,8,2024
2024-08-26,Pasir Panjang T3-4,30,30,33.3,0.118,19979,8,2024
2024-08-26,Tuas,38,35,23.0,0.036,16100,8,2024
2024-08-27,Tanjong Pagar,18,15,29.9,0.115,8970,8,2024
2024-08-27,Keppel,24,23,26.2,0.03,12052,8,2024
2024-08-27,Brani,12,10,28.6,0.047,5720,8,2024
2024-08-27,Pasir Panjang T1-2,30,26,27.2,0.085,14143,8,2024
2024-08-27,Pasir Panjang T3-4,30,26,27.4,0.064,14248,8,2024
2024-08-27,Tuas,38,36,27.3,0.067,19656,8,2024
2024-08-28,Tanjong Pagar,18,16,29.3,0.042,9376,8,2024
2024-08-28,Keppel,24,20,27.4,0.089,10960,8,2024
2024-08-28,Brani,12,9,31.9,0.112,5741,8,2024
2024-08-28,Pasir Panjang T1-2,30,28,35.1,0.063,19656,8,2024
2024-08-28,Pasir Panjang T3-4,30,28,32.1,0.069,17976,8,2024
2024-08-28,Tuas,38,38,27.2,0.022,20672,8,2024
2024-08-29,Tanjong Pagar,18,16,33.6,0.065,10752,8,2024
2024-08-29,Keppel,24,22,33.3,0.075,14651,8,2024
2024-08-29,Brani,12,11,23.3,0.093,5126,8,2024
2024-08-29,Pasir Panjang T1-2,30,30,26.3,0.105,15780,8,2024
2024-08-29,Pasir Panjang T3-4,30,28,26.6,0.056,14896,8,2024
2024-08-29,Tuas,38,35,28.8,0.036,20160,8,2024
2024-08-30,Tanjong Pagar,18,15,23.2,0.028,6960,8,2024
2024-08-30,Keppel,24,24,25.8,0.095,12384,8,2024
2024-08-30,Brani,12,9,25.7,0.026,4626,8,2024
2024-08-30,Pasir Panjang T1-2,30,27,23.3,0.067,12582,8,2024
2024-08-30,Pasir Panjang T3-4,30,29,25.2,0.031,14616,8,2024
2024-08-30,Tuas,38,36,34.0,0.024,24480,8,2024
2024-08-31,Tanjong Pagar,18,17,25.1,0.037,8534,8,2024
2024-08-31,Keppel,24,20,31.5,0.085,12600,8,2024
2024-08-31,Brani,12,10,35.8,0.109,7160,8,2024
2024-08-31,Pasir Panjang T1-2,30,28,32.9,0.027,18424,8,2024
2024-08-31,Pasir Panjang T3-4,30,28,25.7,0.071,14392,8,2024
2024-08-31,Tuas,38,35,26.3,0.047,18410,8,2024
2024-09-01,Tanjong Pagar,18,14,30.1,0.072,8428,9,2024
2024-09-01,Keppel,24,21,30.6,0.039,12852,9,2024
2024-09-01,Brani,12,9,33.4,0.05,6011,9,2024
2024-09-01,Pasir Panjang T1-2,30,30,31.8,0.119,19080,9,2024
2024-09-01,Pasir Panjang T3-4,30,29,29.0,0.022,16820,9,2024
2024-09-01,Tuas,38,35,34.5,0.078,24150,9,2024
2024-09-02,Tanjong Pagar,18,17,26.3,0.031,8942,9,2024
2024-09-02,Keppel,24,24,33.2,0.038,15936,9,2024
2024-09-02,Brani,12,9,29.4,0.034,5291,9,2024
2024-09-02,Pasir Panjang T1-2,30,30,35.8,0.022,21480,9,2024
2024-09-02,Pasir Panjang T3-4,30,28,34.9,0.073,19544,9,2024
2024-09-02,Tuas,38,35,34.9,0.106,24430,9,2024
2024-09-03,Tanjong Pagar,18,18,29.6,0.06,10656,9,2024
2024-09-03,Keppel,24,24,26.8,0.03,12864,9,2024
2024-09-03,Brani,12,8,35.4,0.075,5664,9,2024
2024-09-03,Pasir Panjang T1-2,30,29,30.7,0.066,17806,9,2024
2024-09-03,Pasir Panjang T3-4,30,30,24.3,0.024,14580,9,2024
2024-09-03,Tuas,38,36,24.3,0.026,17496,9,2024
2024-09-04,Tanjong Pagar,18,18,32.1,0.107,11556,9,2024
2024-09-04,Keppel,24,21,25.9,0.022,10878,9,2024
2024-09-04,Brani,12,11,25.1,0.098,5522,9,2024
2024-09-04,Pasir Panjang T1-2,30,30,35.0,0.094,21000,9,2024
2024-09-04,Pasir Panjang T3-4,30,26,34.1,0.083,17732,9,2024
2024-09-04,Tuas,38,34,27.7,0.077,18836,9,2024
2024-09-05,Tanjong Pagar,18,18,31.7,0.097,11412,9,2024
2024-09-05,Keppel,24,24,34.2,0.044,16416,9,2024
2024-09-05,Brani,12,10,32.4,0.099,6480,9,2024
2024-09-05,Pasir Panjang T1-2,30,29,27.6,0.105,16008,9,2024
2024-09-05,Pasir Panjang T3-4,30,28,33.0,0.035,18480,9,2024
2024-09-05,Tuas,38,34,24.3,0.101,16524,9,2024
2024-09-06,Tanjong Pagar,18,18,31.4,0.082,11303,9,2024
2024-09-06,Keppel,24,21,30.8,0.067,12936,9,2024
2024-09-06,Brani,12,8,26.8,0.091,4288,9,2024
2024-09-06,Pasir Panjang T1-2,30,29,27.2,0.033,15776,9,2024
2024-09-06,Pasir Panjang T3-4,30,26,28.2,0.058,14663,9,2024
2024-09-06,Tuas,38,34,33.1,0.056,22508,9,2024
2024-09-07,Tanjong Pagar,18,15,24.0,0.046,7200,9,2024
2024-09-07,Keppel,24,23,35.8,0.053,16468,9,2024
2024-09-07,Brani,12,11,28.7,0.102,6314,9,2024
2024-09-07,Pasir Panjang T1-2,30,28,32.2,0.035,18032,9,2024
2024-09-07,Pasir Panjang T3-4,30,29,27.2,0.11,15776,9,2024
2024-09-07,Tuas,38,38,34.3,0.028,26067,9,2024
2024-09-08,Tanjong Pagar,18,16,33.7,0.095,10784,9,2024
2024-09-08,Keppel,24,22,30.8,0.116,13552,9,2024
2024-09-08,Brani,12,9,34.0,0.107,6120,9,2024
2024-09-08,Pasir Panjang T1-2,30,26,27.1,0.022,14092,9,2024
2024-09-08,Pasir Panjang T3-4,30,28,30.9,0.043,17304,9,2024
2024-09-08,Tuas,38,38,35.4,0.055,26904,9,2024
2024-09-09,Tanjong Pagar,18,18,32.7,0.072,11772,9,2024
2024-09-09,Keppel,24,21,33.9,0.087,14238,9,2024
2024-09-09,Brani,12,9,23.1,0.08,4158,9,2024
2024-09-09,Pasir Panjang T1-2,30,27,34.0,0.076,18360,9,2024
2024-09-09,Pasir Panjang T3-4,30,26,25.4,0.074,13208,9,2024
2024-09-09,Tuas,38,37,33.9,0.092,25086,9,2024
2024-09-10,Tanjong Pagar,18,14,25.4,0.082,7111,9,2024
2024-09-10,Keppel,24,21,23.6,0.029,9912,9,2024
2024-09-10,Brani,12,8,23.5,0.024,3760,9,2024
2024-09-10,Pasir Panjang T1-2,30,28,24.5,0.037,13720,9,2024
2024-09-10,Pasir Panjang T3-4,30,27,31.6,0.023,17064,9,2024
2024-09-10,Tuas,38,36,26.0,0.089,18720,9,2024
2024-09-11,Tanjong Pagar,18,18,23.1,0.052,8316,9,2024
2024-09-11,Keppel,24,22,34.5,0.025,15180,9,2024
2024-09-11,Brani,12,10,23.1,0.066,4620,9,2024
2024-09-11,Pasir Panjang T1-2,30,28,27.0,0.046,15120,9,2024
2024-09-11,Pasir Panjang T3-4,30,30,25.7,0.112,15420,9,2024
2024-09-11,Tuas,38,36,31.9,0.048,22967,9,2024
2024-09-12,Tanjong Pagar,18,15,28.8,0.024,8640,9,2024
2024-09-12,Keppel,24,22,25.0,0.085,11000,9,2024
2024-09-12,Brani,12,8,28.8,0.05,4608,9,2024
2024-09-12,Pasir Panjang T1-2,30,27,26.0,0.021,14040,9,2024
2024-09-12,Pasir Panjang T3-4,30,28,34.9,0.044,19544,9,2024
2024-09-12,Tuas,38,37,25.4,0.112,18796,9,2024
2024-09-13,Tanjong Pagar,18,17,26.5,0.1,9010,9,2024
2024-09-13,Keppel,24,23,24.9,0.042,11453,9,2024
2024-09-13,Brani,12,12,26.0,0.024,6240,9,2024
2024-09-13,Pasir Panjang T1-2,30,30,23.2,0.048,13920,9,2024
2024-09-13,Pasir Panjang T3-4,30,27,35.5,0.1,19170,9,2024
2024-09-13,Tuas,38,37,33.6,0.078,24864,9,2024
2024-09-14,Tanjong Pagar,18,16,30.3,0.04,9696,9,2024
2024-09-14,Keppel,24,20,31.6,0.077,12640,9,2024
2024-09-14,Brani,12,10,31.6,0.093,6320,9,2024
2024-09-14,Pasir Panjang T1-2,30,28,23.5,0.115,13160,9,2024
2024-09-14,Pasir Panjang T3-4,30,28,26.6,0.095,14896,9,2024
2024-09-14,Tuas,38,35,28.5,0.089,19950,9,2024
2024-09-15,Tanjong Pagar,18,17,30.8,0.081,10472,9,2024
2024-09-15,Keppel,24,23,23.0,0.117,10580,9,2024
2024-09-15,Brani,12,9,29.3,0.086,5274,9,2024
2024-09-15,Pasir Panjang T1-2,30,26,24.7,0.068,12843,9,2024
2024-09-15,Pasir Panjang T3-4,30,30,24.1,0.061,14460,9,2024
2024-09-15,Tuas,38,34,34.2,0.099,23256,9,2024
2024-09-16,Tanjong Pagar,18,16,33.1,0.02,10592,9,2024
2024-09-16,Keppel,24,20,24.3,0.096,9720,9,2024
2024-09-16,Brani,12,12,28.4,0.041,6815,9,2024
2024-09-16,Pasir Panjang T1-2,30,30,25.1,0.048,15060,9,2024
2024-09-16,Pasir Panjang T3-4,30,27,35.8,0.073,19332,9,2024
2024-09-16,Tuas,38,35,27.9,0.095,19530,9,2024
2024-09-17,Tanjong Pagar,18,16,25.3,0.062,8096,9,2024
2024-09-17,Keppel,24,23,28.0,0.032,12880,9,2024
2024-09-17,Brani,12,9,35.5,0.036,6390,9,2024
2024-09-17,Pasir Panjang T1-2,30,26,31.3,0.086,16276,9,2024
2024-09-17,Pasir Panjang T3-4,30,29,26.7,0.109,15486,9,2024
2024-09-17,Tuas,38,36,27.4,0.038,19728,9,2024
2024-09-18,Tanjong Pagar,18,16,31.3,0.039,10016,9,2024
2024-09-18,Keppel,24,23,32.6,0.037,14996,9,2024
2024-09-18,Brani,12,12,35.5,0.031,8520,9,2024
2024-09-18,Pasir Panjang T1-2,30,27,33.1,0.056,17874,9,2024
2024-09-18,Pasir Panjang T3-4,30,27,31.9,0.046,17226,9,2024
2024-09-18,Tuas,38,38,32.0,0.099,24320,9,2024
2024-09-19,Tanjong Pagar,18,16,23.8,0.087,7616,9,2024
2024-09-19,Keppel,24,21,27.7,0.103,11633,9,2024
2024-09-19,Brani,12,8,26.5,0.049,4240,9,2024
2024-09-19,Pasir Panjang T1-2,30,30,26.5,0.075,15900,9,2024
2024-09-19,Pasir Panjang T3-4,30,29,27.6,0.032,16008,9,2024
2024-09-19,Tuas,38,37,29.4,0.052,21756,9,2024
2024-09-20,Tanjong Pagar,18,18,31.4,0.079,11303,9,2024
2024-09-20,Keppel,24,23,35.7,0.021,16422,9,2024
2024-09-20,Brani,12,10,23.4,0.119,4680,9,2024
2024-09-20,Pasir Panjang T1-2,30,27,24.1,0.039,13014,9,2024
2024-09-20,Pasir Panjang T3-4,30,30,26.8,0.095,16080,9,2024
2024-09-20,Tuas,38,34,23.8,0.117,16184,9,2024
2024-09-21,Tanjong Pagar,18,14,29.8,0.043,8344,9,2024
2024-09-21,Keppel,24,22,24.2,0.058,10648,9,2024
2024-09-21,Brani,12,12,26.1,0.106,6264,9,2024
2024-09-21,Pasir Panjang T1-2,30,26,31.6,0.107,16432,9,2024
2024-09-21,Pasir Panjang T3-4,30,29,24.5,0.108,14210,9,2024
2024-09-21,Tuas,38,36,35.6,0.082,25632,9,2024
2024-09-22,Tanjong Pagar,18,15,35.7,0.105,10710,9,2024
2024-09-22,Keppel,24,23,28.6,0.079,13156,9,2024
2024-09-22,Brani,12,12,26.5,0.031,6360,9,2024
2024-09-22,Pasir Panjang T1-2,30,26,26.4,0.078,13728,9,2024
2024-09-22,Pasir Panjang T3-4,30,26,29.1,0.096,15132,9,2024
2024-09-22,Tuas,38,35,31.4,0.046,21980,9,2024
2024-09-23,Tanjong Pagar,18,17,23.4,0.097,7955,9,2024
2024-09-23,Keppel,24,22,32.6,0.07,14344,9,2024
2024-09-23,Brani,12,12,33.5,0.116,8040,9,2024
2024-09-23,Pasir Panjang T1-2,30,28,25.1,0.078,14056,9,2024
2024-09-23,Pasir Panjang T3-4,30,28,23.2,0.055,12992,9,2024
2024-09-23,Tuas,38,36,33.7,0.118,24264,9,2024
2024-09-24,Tanjong Pagar,18,16,24.9,0.077,7968,9,2024
2024-09-24,Keppel,24,20,25.3,0.112,10120,9,2024
2024-09-24,Brani,12,8,34.9,0.028,5584,9,2024
2024-09-24,Pasir Panjang T1-2,30,26,25.0,0.091,13000,9,2024
2024-09-24,Pasir Panjang T3-4,30,30,35.4,0.105,21240,9,2024
2024-09-24,Tuas,38,37,34.9,0.037,25826,9,2024
2024-09-25,Tanjong Pagar,18,18,25.1,0.046,9036,9,2024
2024-09-25,Keppel,24,23,34.1,0.031,15686,9,2024
2024-09-25,Brani,12,10,35.8,0.115,7160,9,2024
2024-09-25,Pasir Panjang T1-2,30,27,31.2,0.034,16848,9,2024
2024-09-25,Pasir Panjang T3-4,30,27,27.6,0.118,14904,9,2024
2024-09-25,Tuas,38,34,23.4,0.081,15911,9,2024
2024-09-26,Tanjong Pagar,18,15,26.9,0.074,8070,9,2024
2024-09-26,Keppel,24,22,30.8,0.105,13552,9,2024
2024-09-26,Brani,12,12,32.6,0.087,7824,9,2024
2024-09-26,Pasir Panjang T1-2,30,27,25.0,0.083,13500,9,2024
2024-09-26,Pasir Panjang T3-4,30,26,29.9,0.059,15548,9,2024
2024-09-26,Tuas,38,34,28.1,0.059,19108,9,2024
2024-09-27,Tanjong Pagar,18,15,34.2,0.099,10260,9,2024
2024-09-27,Keppel,24,20,31.9,0.063,12760,9,2024
2024-09-27,Brani,12,12,31.3,0.074,7512,9,2024
2024-09-27,Pasir Panjang T1-2,30,29,27.7,0.033,16066,9,2024
2024-09-27,Pasir Panjang T3-4,30,27,31.4,0.119,16956,9,2024
2024-09-27,Tuas,38,37,32.7,0.101,24198,9,2024
2024-09-28,Tanjong Pagar,18,15,27.5,0.108,8250,9,2024
2024-09-28,Keppel,24,23,23.3,0.026,10718,9,2024
2024-09-28,Brani,12,12,30.8,0.118,7392,9,2024
2024-09-28,Pasir Panjang T1-2,30,29,23.2,0.027,13456,9,2024
2024-09-28,Pasir Panjang T3-4,30,30,35.6,0.09,21360,9,2024
2024-09-28,Tuas,38,37,26.6,0.064,19684,9,2024
2024-09-29,Tanjong Pagar,18,18,23.5,0.101,8460,9,2024
2024-09-29,Keppel,24,23,25.2,0.091,11592,9,2024
2024-09-29,Brani,12,11,26.5,0.032,5830,9,2024
2024-09-29,Pasir Panjang T1-2,30,30,24.8,0.038,14880,9,2024
2024-09-29,Pasir Panjang T3-4,30,28,33.5,0.059,18760,9,2024
2024-09-29,Tuas,38,34,25.4,0.043,17272,9,2024
2024-09-30,Tanjong Pagar,18,16,24.8,0.047,7936,9,2024
2024-09-30,Keppel,24,23,32.5,0.069,14950,9,2024
2024-09-30,Brani,12,11,29.3,0.071,6446,9,2024
2024-09-30,Pasir Panjang T1-2,30,30,25.2,0.118,15120,9,2024
2024-09-30,Pasir Panjang T3-4,30,29,25.5,0.081,14790,9,2024
2024-09-30,Tuas,38,36,31.5,0.053,22680,9,2024
2024-10-01,Tanjong Pagar,18,15,25.9,0.039,7770,10,2024
2024-10-01,Keppel,24,20,23.1,0.095,9240,10,2024
2024-10-01,Brani,12,8,30.9,0.027,4944,10,2024
2024-10-01,Pasir Panjang T1-2,30,26,24.2,0.021,12583,10,2024
2024-10-01,Pasir Panjang T3-4,30,29,34.6,0.03,20068,10,2024
2024-10-01,Tuas,38,34,31.0,0.054,21080,10,2024
2024-10-02,Tanjong Pagar,18,17,24.3,0.02,8262,10,2024
2024-10-02,Keppel,24,23,34.0,0.085,15640,10,2024
2024-10-02,Brani,12,8,35.9,0.104,5744,10,2024
2024-10-02,Pasir Panjang T1-2,30,29,26.4,0.105,15311,10,2024
2024-10-02,Pasir Panjang T3-4,30,27,34.7,0.106,18738,10,2024
2024-10-02,Tuas,38,37,26.7,0.101,19758,10,2024
2024-10-03,Tanjong Pagar,18,15,24.9,0.099,7470,10,2024
2024-10-03,Keppel,24,22,29.1,0.069,12804,10,2024
2024-10-03,Brani,12,10,23.1,0.115,4620,10,2024
2024-10-03,Pasir Panjang T1-2,30,29,26.5,0.088,15370,10,2024
2024-10-03,Pasir Panjang T3-4,30,29,33.7,0.032,19546,10,2024
2024-10-03,Tuas,38,34,24.1,0.096,16388,10,2024
2024-10-04,Tanjong Pagar,18,17,27.5,0.031,9350,10,2024
2024-10-04,Keppel,24,20,25.3,0.048,10120,10,2024
2024-10-04,Brani,12,12,35.5,0.073,8520,10,2024
2024-10-04,Pasir Panjang T1-2,30,27,27.6,0.1,14904,10,2024
2024-10-04,Pasir Panjang T3-4,30,27,31.0,0.098,16740,10,2024
2024-10-04,Tuas,38,34,31.4,0.098,21352,10,2024
2024-10-05,Tanjong Pagar,18,16,31.3,0.035,10016,10,2024
2024-10-05,Keppel,24,24,32.8,0.115,15743,10,2024
2024-10-05,Brani,12,10,30.1,0.05,6020,10,2024
2024-10-05,Pasir Panjang T1-2,30,30,23.2,0.064,13920,10,2024
2024-10-05,Pasir Panjang T3-4,30,28,29.1,0.047,16296,10,2024
2024-10-05,Tuas,38,37,33.7,0.095,24938,10,2024
2024-10-06,Tanjong Pagar,18,16,35.9,0.102,11488,10,2024
2024-10-06,Keppel,24,23,32.7,0.027,15042,10,2024
2024-10-06,Brani,12,11,29.7,0.106,6534,10,2024
2024-10-06,Pasir Panjang T1-2,30,30,34.2,0.039,20520,10,2024
2024-10-06,Pasir Panjang T3-4,30,28,31.9,0.058,17864,10,2024
2024-10-06,Tuas,38,34,33.9,0.056,23052,10,2024
2024-10-07,Tanjong Pagar,18,15,32.3,0.095,9689,10,2024
2024-10-07,Keppel,24,22,27.4,0.081,12056,10,2024
2024-10-07,Brani,12,10,27.0,0.026,5400,10,2024
2024-10-07,Pasir Panjang T1-2,30,29,28.9,0.049,16762,10,2024
2024-10-07,Pasir Panjang T3-4,30,30,25.4,0.053,15240,10,2024
2024-10-07,Tuas,38,34,27.0,0.058,18360,10,2024
2024-10-08,Tanjong Pagar,18,17,31.6,0.087,10744,10,2024
2024-10-08,Keppel,24,24,32.7,0.082,15696,10,2024
2024-10-08,Brani,12,9,30.2,0.101,5436,10,2024
2024-10-08,Pasir Panjang T1-2,30,27,33.4,0.096,18036,10,2024
2024-10-08,Pasir Panjang T3-4,30,28,27.3,0.11,15288,10,2024
2024-10-08,Tuas,38,36,35.4,0.118,25487,10,2024
2024-10-09,Tanjong Pagar,18,15,32.0,0.057,9600,10,2024
2024-10-09,Keppel,24,20,29.2,0.024,11680,10,2024
2024-10-09,Brani,12,10,35.2,0.024,7040,10,2024
2024-10-09,Pasir Panjang T1-2,30,29,28.4,0.025,16472,10,2024
2024-10-09,Pasir Panjang T3-4,30,26,32.8,0.055,17056,10,2024
2024-10-09,Tuas,38,38,30.3,0.06,23028,10,2024
2024-10-10,Tanjong Pagar,18,16,25.2,0.068,8064,10,2024
2024-10-10,Keppel,24,24,30.7,0.031,14736,10,2024
2024-10-10,Brani,12,8,23.7,0.028,3792,10,2024
2024-10-10,Pasir Panjang T1-2,30,29,29.7,0.048,17226,10,2024
2024-10-10,Pasir Panjang T3-4,30,29,24.9,0.106,14441,10,2024
2024-10-10,Tuas,38,34,34.1,0.086,23188,10,2024
2024-10-11,Tanjong Pagar,18,16,23.3,0.065,7456,10,2024
2024-10-11,Keppel,24,22,35.2,0.107,15488,10,2024
2024-10-11,Brani,12,8,29.3,0.078,4688,10,2024
2024-10-11,Pasir Panjang T1-2,30,29,31.2,0.108,18096,10,2024
2024-10-11,Pasir Panjang T3-4,30,28,30.9,0.115,17304,10,2024
2024-10-11,Tuas,38,37,27.7,0.056,20497,10,2024
2024-10-12,Tanjong Pagar,18,17,33.3,0.044,11321,10,2024
2024-10-12,Keppel,24,24,31.0,0.108,14880,10,2024
2024-10-12,Brani,12,12,29.0,0.056,6960,10,2024
2024-10-12,Pasir Panjang T1-2,30,29,31.5,0.105,18270,10,2024
2024-10-12,Pasir Panjang T3-4,30,28,27.3,0.035,15288,10,2024
2024-10-12,Tuas,38,36,25.1,0.057,18072,10,2024
2024-10-13,Tanjong Pagar,18,15,32.8,0.055,9839,10,2024
2024-10-13,Keppel,24,23,26.2,0.096,12052,10,2024
2024-10-13,Brani,12,10,29.3,0.054,5860,10,2024
2024-10-13,Pasir Panjang T1-2,30,30,28.5,0.106,17100,10,2024
2024-10-13,Pasir Panjang T3-4,30,27,24.5,0.037,13230,10,2024
2024-10-13,Tuas,38,34,35.2,0.076,23936,10,2024
2024-10-14,Tanjong Pagar,18,18,30.3,0.07,10908,10,2024
2024-10-14,Keppel,24,21,29.1,0.072,12222,10,2024
2024-10-14,Brani,12,11,24.1,0.064,5302,10,2024
2024-10-14,Pasir Panjang T1-2,30,30,27.7,0.063,16620,10,2024
2024-10-14,Pasir Panjang T3-4,30,26,29.5,0.093,15340,10,2024
2024-10-14,Tuas,38,36,33.2,0.098,23904,10,2024
2024-10-15,Tanjong Pagar,18,18,23.9,0.111,8604,10,2024
2024-10-15,Keppel,24,22,35.7,0.06,15708,10,2024
2024-10-15,Brani,12,8,32.6,0.036,5216,10,2024
2024-10-15,Pasir Panjang T1-2,30,29,29.3,0.111,16994,10,2024
2024-10-15,Pasir Panjang T3-4,30,27,30.4,0.046,16416,10,2024
2024-10-15,Tuas,38,34,31.6,0.057,21488,10,2024
2024-10-16,Tanjong Pagar,18,14,28.1,0.08,7868,10,2024
2024-10-16,Keppel,24,20,25.5,0.042,10200,10,2024
2024-10-16,Brani,12,9,31.5,0.05,5670,10,2024
2024-10-16,Pasir Panjang T1-2,30,27,31.2,0.06,16848,10,2024
2024-10-16,Pasir Panjang T3-4,30,26,32.3,0.067,16796,10,2024
2024-10-16,Tuas,38,36,24.0,0.106,17280,10,2024
2024-10-17,Tanjong Pagar,18,18,30.3,0.101,10908,10,2024
2024-10-17,Keppel,24,20,26.6,0.116,10640,10,2024
2024-10-17,Brani,12,9,31.4,0.103,5651,10,2024
2024-10-17,Pasir Panjang T1-2,30,27,24.2,0.079,13068,10,2024
2024-10-17,Pasir Panjang T3-4,30,30,34.3,0.032,20580,10,2024
2024-10-17,Tuas,38,36,29.3,0.026,21096,10,2024
2024-10-18,Tanjong Pagar,18,15,34.8,0.022,10440,10,2024
2024-10-18,Keppel,24,23,25.9,0.088,11913,10,2024
2024-10-18,Brani,12,11,28.4,0.048,6248,10,2024
2024-10-18,Pasir Panjang T1-2,30,28,26.4,0.065,14783,10,2024
2024-10-18,Pasir Panjang T3-4,30,26,24.3,0.036,12636,10,2024
2024-10-18,Tuas,38,34,33.6,0.103,22848,10,2024
2024-10-19,Tanjong Pagar,18,14,26.2,0.022,7336,10,2024
2024-10-19,Keppel,24,21,26.4,0.078,11088,10,2024
2024-10-19,Brani,12,9,35.2,0.102,6336,10,2024
2024-10-19,Pasir Panjang T1-2,30,28,28.8,0.08,16128,10,2024
2024-10-19,Pasir Panjang T3-4,30,26,35.6,0.108,18512,10,2024
2024-10-19,Tuas,38,34,28.4,0.095,19312,10,2024
2024-10-20,Tanjong Pagar,18,15,33.5,0.033,10050,10,2024
2024-10-20,Keppel,24,24,30.8,0.104,14784,10,2024
2024-10-20,Brani,12,8,30.5,0.09,4880,10,2024
2024-10-20,Pasir Panjang T1-2,30,28,26.6,0.106,14896,10,2024
2024-10-20,Pasir Panjang T3-4,30,29,32.0,0.083,18560,10,2024
2024-10-20,Tuas,38,36,35.1,0.034,25272,10,2024
2024-10-21,Tanjong Pagar,18,17,31.3,0.073,10642,10,2024
2024-10-21,Keppel,24,21,26.9,0.105,11298,10,2024
2024-10-21,Brani,12,10,31.4,0.021,6280,10,2024
2024-10-21,Pasir Panjang T1-2,30,26,33.4,0.075,17368,10,2024
2024-10-21,Pasir Panjang T3-4,30,30,31.2,0.075,18720,10,2024
2024-10-21,Tuas,38,34,23.1,0.104,15708,10,2024
2024-10-22,Tanjong Pagar,18,14,27.4,0.113,7671,10,2024
2024-10-22,Keppel,24,24,30.2,0.08,14496,10,2024
2024-10-22,Brani,12,8,30.3,0.054,4848,10,2024
2024-10-22,Pasir Panjang T1-2,30,28,26.0,0.097,14560,10,2024
2024-10-22,Pasir Panjang T3-4,30,28,28.5,0.052,15960,10,2024
2024-10-22,Tuas,38,38,32.0,0.044,24320,10,2024
2024-10-23,Tanjong Pagar,18,15,32.1,0.073,9630,10,2024
2024-10-23,Keppel,24,21,35.5,0.087,14910,10,2024
2024-10-23,Brani,12,8,29.4,0.077,4704,10,2024
2024-10-23,Pasir Panjang T1-2,30,30,29.4,0.062,17640,10,2024
2024-10-23,Pasir Panjang T3-4,30,27,29.6,0.097,15984,10,2024
2024-10-23,Tuas,38,37,35.0,0.077,25900,10,2024
2024-10-24,Tanjong Pagar,18,14,33.3,0.076,9323,10,2024
2024-10-24,Keppel,24,22,31.7,0.078,13948,10,2024
2024-10-24,Brani,12,8,30.2,0.107,4832,10,2024
2024-10-24,Pasir Panjang T1-2,30,27,26.8,0.098,14472,10,2024
2024-10-24,Pasir Panjang T3-4,30,29,34.4,0.04,19952,10,2024
2024-10-24,Tuas,38,36,33.6,0.058,24192,10,2024
2024-10-25,Tanjong Pagar,18,14,24.6,0.039,6888,10,2024
2024-10-25,Keppel,24,22,35.0,0.064,15400,10,2024
2024-10-25,Brani,12,8,26.6,0.064,4256,10,2024
2024-10-25,Pasir Panjang T1-2,30,27,31.5,0.061,17010,10,2024
2024-10-25,Pasir Panjang T3-4,30,29,33.4,0.06,19372,10,2024
2024-10-25,Tuas,38,34,35.2,0.067,23936,10,2024
2024-10-26,Tanjong Pagar,18,18,24.4,0.077,8784,10,2024
2024-10-26,Keppel,24,24,23.9,0.047,11471,10,2024
2024-10-26,Brani,12,12,31.4,0.053,7535,10,2024
2024-10-26,Pasir Panjang T1-2,30,28,33.5,0.112,18760,10,2024
2024-10-26,Pasir Panjang T3-4,30,30,27.7,0.067,16620,10,2024
2024-10-26,Tuas,38,36,32.4,0.076,23327,10,2024
2024-10-27,Tanjong Pagar,18,15,31.6,0.095,9480,10,2024
2024-10-27,Keppel,24,21,24.8,0.094,10416,10,2024
2024-10-27,Brani,12,8,29.1,0.091,4656,10,2024
2024-10-27,Pasir Panjang T1-2,30,27,25.9,0.094,13986,10,2024
2024-10-27,Pasir Panjang T3-4,30,27,24.4,0.106,13176,10,2024
2024-10-27,Tuas,38,36,31.1,0.029,22392,10,2024
2024-10-28,Tanjong Pagar,18,14,25.3,0.064,7084,10,2024
2024-10-28,Keppel,24,23,30.2,0.047,13892,10,2024
2024-10-28,Brani,12,12,23.7,0.025,5688,10,2024
2024-10-28,Pasir Panjang T1-2,30,29,32.4,0.07,18792,10,2024
2024-10-28,Pasir Panjang T3-4,30,27,26.5,0.11,14310,10,2024
2024-10-28,Tuas,38,38,24.5,0.044,18620,10,2024
2024-10-29,Tanjong Pagar,18,16,31.6,0.034,10112,10,2024
2024-10-29,Keppel,24,22,29.2,0.048,12848,10,2024
2024-10-29,Brani,12,11,27.9,0.025,6138,10,2024
2024-10-29,Pasir Panjang T1-2,30,27,31.8,0.036,17172,10,2024
2024-10-29,Pasir Panjang T3-4,30,30,34.9,0.103,20940,10,2024
2024-10-29,Tuas,38,35,24.3,0.083,17010,10,2024
2024-10-30,Tanjong Pagar,18,15,25.9,0.111,7770,10,2024
2024-10-30,Keppel,24,24,31.0,0.044,14880,10,2024
2024-10-30,Brani,12,8,32.9,0.058,5264,10,2024
2024-10-30,Pasir Panjang T1-2,30,29,28.3,0.083,16414,10,2024
2024-10-30,Pasir Panjang T3-4,30,26,26.7,0.042,13883,10,2024
2024-10-30,Tuas,38,37,35.1,0.086,25974,10,2024
2024-10-31,Tanjong Pagar,18,16,28.4,0.026,9088,10,2024
2024-10-31,Keppel,24,20,33.9,0.051,13560,10,2024
2024-10-31,Brani,12,12,25.1,0.115,6024,10,2024
2024-10-31,Pasir Panjang T1-2,30,27,26.8,0.027,14472,10,2024
2024-10-31,Pasir Panjang T3-4,30,30,29.8,0.022,17880,10,2024
2024-10-31,Tuas,38,34,34.7,0.058,23596,10,2024
2024-11-01,Tanjong Pagar,18,16,35.8,0.054,11456,11,2024
2024-11-01,Keppel,24,21,29.2,0.044,12263,11,2024
2024-11-01,Brani,12,12,25.7,0.071,6168,11,2024
2024-11-01,Pasir Panjang T1-2,30,28,30.8,0.035,17248,11,2024
2024-11-01,Pasir Panjang T3-4,30,27,33.6,0.062,18144,11,2024
2024-11-01,Tuas,38,34,31.1,0.059,21148,11,2024
2024-11-02,Tanjong Pagar,18,14,35.1,0.106,9828,11,2024
2024-11-02,Keppel,24,21,33.5,0.078,14070,11,2024
2024-11-02,Brani,12,9,28.6,0.088,5148,11,2024
2024-11-02,Pasir Panjang T1-2,30,28,26.9,0.071,15063,11,2024
2024-11-02,Pasir Panjang T3-4,30,29,29.3,0.091,16994,11,2024
2024-11-02,Tuas,38,34,26.2,0.097,17816,11,2024
2024-11-03,Tanjong Pagar,18,17,29.8,0.088,10132,11,2024
2024-11-03,Keppel,24,24,32.1,0.083,15408,11,2024
2024-11-03,Brani,12,12,32.8,0.107,7871,11,2024
2024-11-03,Pasir Panjang T1-2,30,29,26.3,0.053,15254,11,2024
2024-11-03,Pasir Panjang T3-4,30,26,25.7,0.076,13363,11,2024
2024-11-03,Tuas,38,36,25.1,0.062,18072,11,2024
2024-11-04,Tanjong Pagar,18,18,24.4,0.041,8784,11,2024
2024-11-04,Keppel,24,22,31.2,0.119,13728,11,2024
2024-11-04,Brani,12,12,26.4,0.101,6335,11,2024
2024-11-04,Pasir Panjang T1-2,30,30,24.5,0.054,14700,11,2024
2024-11-04,Pasir Panjang T3-4,30,29,26.9,0.055,15601,11,2024
2024-11-04,Tuas,38,35,33.1,0.08,23170,11,2024
2024-11-05,Tanjong Pagar,18,15,28.1,0.029,8430,11,2024
2024-11-05,Keppel,24,22,26.6,0.022,11704,11,2024
2024-11-05,Brani,12,11,24.0,0.068,5280,11,2024
2024-11-05,Pasir Panjang T1-2,30,28,30.7,0.101,17192,11,2024
2024-11-05,Pasir Panjang T3-4,30,30,28.7,0.078,17220,11,2024
2024-11-05,Tuas,38,35,26.7,0.073,18690,11,2024
2024-11-06,Tanjong Pagar,18,15,28.8,0.119,8640,11,2024
2024-11-06,Keppel,24,22,35.9,0.038,15796,11,2024
2024-11-06,Brani,12,12,34.7,0.116,8328,11,2024
2024-11-06,Pasir Panjang T1-2,30,28,26.2,0.077,14672,11,2024
2024-11-06,Pasir Panjang T3-4,30,29,28.2,0.02,16356,11,2024
2024-11-06,Tuas,38,35,32.5,0.035,22750,11,2024
2024-11-07,Tanjong Pagar,18,18,23.9,0.054,8604,11,2024
2024-11-07,Keppel,24,23,34.3,0.103,15778,11,2024
2024-11-07,Brani,12,12,33.2,0.102,7968,11,2024
2024-11-07,Pasir Panjang T1-2,30,26,24.7,0.031,12843,11,2024
2024-11-07,Pasir Panjang T3-4,30,30,29.1,0.026,17460,11,2024
2024-11-07,Tuas,38,36,32.4,0.039,23327,11,2024
2024-11-08,Tanjong Pagar,18,17,35.8,0.027,12171,11,2024
2024-11-08,Keppel,24,20,35.5,0.099,14200,11,2024
2024-11-08,Brani,12,8,33.1,0.069,5296,11,2024
2024-11-08,Pasir Panjang T1-2,30,28,26.4,0.079,14783,11,2024
2024-11-08,Pasir Panjang T3-4,30,30,29.2,0.095,17520,11,2024
2024-11-08,Tuas,38,38,25.3,0.049,19228,11,2024
2024-11-09,Tanjong Pagar,18,15,23.1,0.091,6930,11,2024
2024-11-09,Keppel,24,22,23.5,0.115,10340,11,2024
2024-11-09,Brani,12,9,26.5,0.116,4770,11,2024
2024-11-09,Pasir Panjang T1-2,30,29,35.2,0.077,20416,11,2024
2024-11-09,Pasir Panjang T3-4,30,30,25.3,0.093,15180,11,2024
2024-11-09,Tuas,38,38,34.9,0.041,26524,11,2024
2024-11-10,Tanjong Pagar,18,17,30.3,0.099,10302,11,2024
2024-11-10,Keppel,24,23,23.3,0.095,10718,11,2024
2024-11-10,Brani,12,9,28.2,0.033,5076,11,2024
2024-11-10,Pasir Panjang T1-2,30,29,26.4,0.088,15311,11,2024
2024-11-10,Pasir Panjang T3-4,30,28,30.0,0.06,16800,11,2024
2024-11-10,Tuas,38,34,31.1,0.081,21148,11,2024
2024-11-11,Tanjong Pagar,18,17,35.3,0.06,12001,11,2024
2024-11-11,Keppel,24,21,33.1,0.117,13902,11,2024
2024-11-11,Brani,12,10,31.1,0.088,6220,11,2024
2024-11-11,Pasir Panjang T1-2,30,30,28.3,0.058,16980,11,2024
2024-11-11,Pasir Panjang T3-4,30,26,34.3,0.118,17836,11,2024
2024-11-11,Tuas,38,37,30.7,0.097,22717,11,2024
2024-11-12,Tanjong Pagar,18,15,32.9,0.101,9870,11,2024
2024-11-12,Keppel,24,23,27.4,0.052,12603,11,2024
2024-11-12,Brani,12,8,28.7,0.077,4592,11,2024
2024-11-12,Pasir Panjang T1-2,30,26,32.2,0.039,16744,11,2024
2024-11-12,Pasir Panjang T3-4,30,28,32.4,0.025,18144,11,2024
2024-11-12,Tuas,38,34,35.5,0.107,24140,11,2024
2024-11-13,Tanjong Pagar,18,18,29.1,0.036,10476,11,2024
2024-11-13,Keppel,24,21,23.4,0.059,9828,11,2024
2024-11-13,Brani,12,9,35.5,0.114,6390,11,2024
2024-11-13,Pasir Panjang T1-2,30,26,32.0,0.076,16640,11,2024
2024-11-13,Pasir Panjang T3-4,30,26,31.8,0.032,16536,11,2024
2024-11-13,Tuas,38,36,35.7,0.047,25704,11,2024
2024-11-14,Tanjong Pagar,18,17,23.7,0.071,8058,11,2024
2024-11-14,Keppel,24,22,32.6,0.087,14344,11,2024
2024-11-14,Brani,12,11,32.4,0.034,7128,11,2024
2024-11-14,Pasir Panjang T1-2,30,26,33.4,0.116,17368,11,2024
2024-11-14,Pasir Panjang T3-4,30,30,32.3,0.111,19379,11,2024
2024-11-14,Tuas,38,35,29.1,0.098,20370,11,2024
2024-11-15,Tanjong Pagar,18,16,35.3,0.035,11296,11,2024
2024-11-15,Keppel,24,22,23.0,0.098,10120,11,2024
2024-11-15,Brani,12,8,35.8,0.101,5728,11,2024
2024-11-15,Pasir Panjang T1-2,30,27,32.8,0.065,17712,11,2024
2024-11-15,Pasir Panjang T3-4,30,27,27.3,0.112,14742,11,2024
2024-11-15,Tuas,38,37,23.8,0.067,17612,11,2024
2024-11-16,Tanjong Pagar,18,18,30.5,0.025,10980,11,2024
2024-11-16,Keppel,24,20,24.5,0.093,9800,11,2024
2024-11-16,Brani,12,12,29.1,0.069,6984,11,2024
2024-11-16,Pasir Panjang T1-2,30,27,35.2,0.063,19008,11,2024
2024-11-16,Pasir Panjang T3-4,30,30,31.0,0.055,18600,11,2024
2024-11-16,Tuas,38,34,26.2,0.07,17816,11,2024
2024-11-17,Tanjong Pagar,18,15,31.6,0.054,9480,11,2024
2024-11-17,Keppel,24,21,35.3,0.027,14826,11,2024
2024-11-17,Brani,12,11,27.8,0.044,6116,11,2024
2024-11-17,Pasir Panjang T1-2,30,27,24.7,0.068,13338,11,2024
2024-11-17,Pasir Panjang T3-4,30,27,31.4,0.04,16956,11,2024
2024-11-17,Tuas,38,36,26.0,0.082,18720,11,2024
2024-11-18,Tanjong Pagar,18,18,28.0,0.098,10080,11,2024
2024-11-18,Keppel,24,23,30.2,0.081,13892,11,2024
2024-11-18,Brani,12,9,30.3,0.05,5454,11,2024
2024-11-18,Pasir Panjang T1-2,30,28,32.6,0.096,18256,11,2024
2024-11-18,Pasir Panjang T3-4,30,28,33.4,0.042,18704,11,2024
2024-11-18,Tuas,38,38,26.5,0.027,20140,11,2024
2024-11-19,Tanjong Pagar,18,15,31.7,0.072,9510,11,2024
2024-11-19,Keppel,24,23,28.4,0.113,13063,11,2024
2024-11-19,Brani,12,11,29.2,0.052,6424,11,2024
2024-11-19,Pasir Panjang T1-2,30,30,28.0,0.119,16800,11,2024
2024-11-19,Pasir Panjang T3-4,30,30,29.9,0.103,17940,11,2024
2024-11-19,Tuas,38,34,24.3,0.03,16524,11,2024
2024-11-20,Tanjong Pagar,18,14,33.4,0.094,9352,11,2024
2024-11-20,Keppel,24,23,33.6,0.05,15456,11,2024
2024-11-20,Brani,12,8,29.2,0.042,4672,11,2024
2024-11-20,Pasir Panjang T1-2,30,26,32.5,0.028,16900,11,2024
2024-11-20,Pasir Panjang T3-4,30,27,33.0,0.108,17820,11,2024
2024-11-20,Tuas,38,37,35.9,0.024,26566,11,2024
2024-11-21,Tanjong Pagar,18,18,30.6,0.068,11016,11,2024
2024-11-21,Keppel,24,21,25.1,0.107,10542,11,2024
2024-11-21,Brani,12,11,35.3,0.078,7765,11,2024
2024-11-21,Pasir Panjang T1-2,30,30,23.9,0.064,14340,11,2024
2024-11-21,Pasir Panjang T3-4,30,28,33.1,0.071,18536,11,2024
2024-11-21,Tuas,38,34,30.8,0.076,20944,11,2024
2024-11-22,Tanjong Pagar,18,14,34.9,0.075,9772,11,2024
2024-11-22,Keppel,24,24,26.8,0.042,12864,11,2024
2024-11-22,Brani,12,8,26.8,0.082,4288,11,2024
2024-11-22,Pasir Panjang T1-2,30,28,26.0,0.034,14560,11,2024
2024-11-22,Pasir Panjang T3-4,30,28,33.4,0.11,18704,11,2024
2024-11-22,Tuas,38,37,29.2,0.029,21607,11,2024
2024-11-23,Tanjong Pagar,18,16,27.1,0.071,8672,11,2024
2024-11-23,Keppel,24,24,26.1,0.081,12528,11,2024
2024-11-23,Brani,12,11,29.8,0.102,6556,11,2024
2024-11-23,Pasir Panjang T1-2,30,30,28.2,0.102,16920,11,2024
2024-11-23,Pasir Panjang T3-4,30,29,26.3,0.063,15254,11,2024
2024-11-23,Tuas,38,35,31.0,0.065,21700,11,2024
2024-11-24,Tanjong Pagar,18,15,29.5,0.063,8850,11,2024
2024-11-24,Keppel,24,21,29.0,0.101,12180,11,2024
2024-11-24,Brani,12,10,23.6,0.106,4720,11,2024
2024-11-24,Pasir Panjang T1-2,30,30,30.4,0.049,18240,11,2024
2024-11-24,Pasir Panjang T3-4,30,26,26.1,0.07,13572,11,2024
2024-11-24,Tuas,38,38,34.9,0.024,26524,11,2024
2024-11-25,Tanjong Pagar,18,15,27.0,0.058,8100,11,2024
2024-11-25,Keppel,24,23,29.4,0.078,13523,11,2024
2024-11-25,Brani,12,11,31.7,0.05,6974,11,2024
2024-11-25,Pasir Panjang T1-2,30,27,26.3,0.079,14202,11,2024
2024-11-25,Pasir Panjang T3-4,30,29,27.0,0.07,15660,11,2024
2024-11-25,Tuas,38,35,35.5,0.095,24850,11,2024
2024-11-26,Tanjong Pagar,18,16,28.8,0.087,9216,11,2024
2024-11-26,Keppel,24,20,30.6,0.065,12240,11,2024
2024-11-26,Brani,12,11,35.0,0.052,7700,11,2024
2024-11-26,Pasir Panjang T1-2,30,30,29.6,0.064,17760,11,2024
2024-11-26,Pasir Panjang T3-4,30,27,23.4,0.039,12636,11,2024
2024-11-26,Tuas,38,36,28.6,0.091,20592,11,2024
2024-11-27,Tanjong Pagar,18,16,29.1,0.09,9312,11,2024
2024-11-27,Keppel,24,20,28.6,0.111,11440,11,2024
2024-11-27,Brani,12,11,33.7,0.048,7414,11,2024
2024-11-27,Pasir Panjang T1-2,30,30,34.6,0.05,20760,11,2024
2024-11-27,Pasir Panjang T3-4,30,30,32.3,0.097,19379,11,2024
2024-11-27,Tuas,38,34,24.7,0.112,16796,11,2024
2024-11-28,Tanjong Pagar,18,14,28.8,0.031,8064,11,2024
2024-11-28,Keppel,24,22,25.3,0.109,11132,11,2024
2024-11-28,Brani,12,8,29.4,0.117,4704,11,2024
2024-11-28,Pasir Panjang T1-2,30,26,33.7,0.084,17524,11,2024
2024-11-28,Pasir Panjang T3-4,30,27,27.7,0.101,14958,11,2024
2024-11-28,Tuas,38,37,30.5,0.028,22570,11,2024
2024-11-29,Tanjong Pagar,18,16,33.3,0.07,10656,11,2024
2024-11-29,Keppel,24,20,35.3,0.106,14120,11,2024
2024-11-29,Brani,12,8,35.8,0.02,5728,11,2024
2024-11-29,Pasir Panjang T1-2,30,28,28.3,0.03,15848,11,2024
2024-11-29,Pasir Panjang T3-4,30,29,29.3,0.101,16994,11,2024
2024-11-29,Tuas,38,35,30.6,0.047,21420,11,2024
2024-11-30,Tanjong Pagar,18,18,29.8,0.056,10728,11,2024
2024-11-30,Keppel,24,24,30.9,0.022,14831,11,2024
2024-11-30,Brani,12,12,26.4,0.098,6335,11,2024
2024-11-30,Pasir Panjang T1-2,30,28,31.4,0.108,17584,11,2024
2024-11-30,Pasir Panjang T3-4,30,29,24.6,0.044,14268,11,2024
2024-11-30,Tuas,38,34,34.5,0.115,23460,11,2024
2024-12-01,Tanjong Pagar,18,16,28.7,0.07,9184,12,2024
2024-12-01,Keppel,24,23,26.2,0.084,12052,12,2024
2024-12-01,Brani,12,8,25.2,0.042,4032,12,2024
2024-12-01,Pasir Panjang T1-2,30,30,28.4,0.103,17040,12,2024
2024-12-01,Pasir Panjang T3-4,30,27,32.1,0.086,17334,12,2024
2024-12-01,Tuas,38,36,24.1,0.086,17352,12,2024
2024-12-02,Tanjong Pagar,18,14,23.6,0.068,6608,12,2024
2024-12-02,Keppel,24,24,33.5,0.05,16080,12,2024
2024-12-02,Brani,12,10,29.4,0.028,5880,12,2024
2024-12-02,Pasir Panjang T1-2,30,26,30.9,0.098,16068,12,2024
2024-12-02,Pasir Panjang T3-4,30,27,29.3,0.074,15822,12,2024
2024-12-02,Tuas,38,36,30.2,0.096,21744,12,2024
2024-12-03,Tanjong Pagar,18,14,32.7,0.074,9156,12,2024
2024-12-03,Keppel,24,23,26.3,0.047,12098,12,2024
2024-12-03,Brani,12,11,33.9,0.045,7458,12,2024
2024-12-03,Pasir Panjang T1-2,30,29,24.5,0.062,14210,12,2024
2024-12-03,Pasir Panjang T3-4,30,27,33.4,0.032,18036,12,2024
2024-12-03,Tuas,38,38,25.3,0.033,19228,12,2024
2024-12-04,Tanjong Pagar,18,14,29.4,0.118,8232,12,2024
2024-12-04,Keppel,24,23,28.1,0.104,12926,12,2024
2024-12-04,Brani,12,11,35.5,0.071,7810,12,2024
2024-12-04,Pasir Panjang T1-2,30,30,24.1,0.111,14460,12,2024
2024-12-04,Pasir Panjang T3-4,30,28,35.0,0.071,19600,12,2024
2024-12-04,Tuas,38,35,28.2,0.026,19740,12,2024
2024-12-05,Tanjong Pagar,18,15,31.9,0.118,9570,12,2024
2024-12-05,Keppel,24,23,29.1,0.103,13386,12,2024
2024-12-05,Brani,12,12,30.8,0.093,7392,12,2024
2024-12-05,Pasir Panjang T1-2,30,29,28.4,0.106,16472,12,2024
2024-12-05,Pasir Panjang T3-4,30,26,23.3,0.064,12116,12,2024
2024-12-05,Tuas,38,38,24.8,0.046,18848,12,2024
2024-12-06,Tanjong Pagar,18,18,28.2,0.034,10152,12,2024
2024-12-06,Keppel,24,23,32.4,0.111,14903,12,2024
2024-12-06,Brani,12,11,27.5,0.033,6050,12,2024
2024-12-06,Pasir Panjang T1-2,30,26,27.6,0.088,14352,12,2024
2024-12-06,Pasir Panjang T3-4,30,30,23.1,0.103,13860,12,2024
2024-12-06,Tuas,38,34,33.8,0.056,22983,12,2024
2024-12-07,Tanjong Pagar,18,17,23.1,0.062,7854,12,2024
2024-12-07,Keppel,24,24,28.4,0.054,13631,12,2024
2024-12-07,Brani,12,8,26.6,0.045,4256,12,2024
2024-12-07,Pasir Panjang T1-2,30,27,32.3,0.109,17442,12,2024
2024-12-07,Pasir Panjang T3-4,30,30,29.5,0.06,17700,12,2024
2024-12-07,Tuas,38,38,35.0,0.098,26600,12,2024
2024-12-08,Tanjong Pagar,18,17,27.5,0.03,9350,12,2024
2024-12-08,Keppel,24,22,25.8,0.118,11352,12,2024
2024-12-08,Brani,12,9,28.6,0.086,5148,12,2024
2024-12-08,Pasir Panjang T1-2,30,29,24.4,0.116,14151,12,2024
2024-12-08,Pasir Panjang T3-4,30,27,32.9,0.085,17766,12,2024
2024-12-08,Tuas,38,36,30.8,0.073,22176,12,2024
2024-12-09,Tanjong Pagar,18,16,29.6,0.118,9472,12,2024
2024-12-09,Keppel,24,20,23.7,0.055,9480,12,2024
2024-12-09,Brani,12,10,31.8,0.038,6360,12,2024
2024-12-09,Pasir Panjang T1-2,30,30,25.0,0.068,15000,12,2024
2024-12-09,Pasir Panjang T3-4,30,27,25.2,0.103,13608,12,2024
2024-12-09,Tuas,38,35,32.4,0.063,22680,12,2024
2024-12-10,Tanjong Pagar,18,17,23.1,0.034,7854,12,2024
2024-12-10,Keppel,24,20,27.1,0.046,10840,12,2024
2024-12-10,Brani,12,9,25.8,0.028,4644,12,2024
2024-12-10,Pasir Panjang T1-2,30,27,24.0,0.118,12960,12,2024
2024-12-10,Pasir Panjang T3-4,30,27,24.8,0.033,13392,12,2024
2024-12-10,Tuas,38,34,27.5,0.115,18700,12,2024
2024-12-11,Tanjong Pagar,18,18,35.6,0.038,12816,12,2024
2024-12-11,Keppel,24,23,32.5,0.028,14950,12,2024
2024-12-11,Brani,12,8,33.0,0.032,5280,12,2024
2024-12-11,Pasir Panjang T1-2,30,28,28.6,0.039,16016,12,2024
2024-12-11,Pasir Panjang T3-4,30,28,24.6,0.098,13776,12,2024
2024-12-11,Tuas,38,36,23.6,0.037,16992,12,2024
2024-12-12,Tanjong Pagar,18,18,33.5,0.037,12060,12,2024
2024-12-12,Keppel,24,20,32.7,0.076,13080,12,2024
2024-12-12,Brani,12,10,31.8,0.114,6360,12,2024
2024-12-12,Pasir Panjang T1-2,30,26,33.7,0.025,17524,12,2024
2024-12-12,Pasir Panjang T3-4,30,30,34.8,0.049,20880,12,2024
2024-12-12,Tuas,38,35,29.7,0.118,20790,12,2024
2024-12-13,Tanjong Pagar,18,18,35.4,0.046,12743,12,2024
2024-12-13,Keppel,24,21,24.4,0.021,10248,12,2024
2024-12-13,Brani,12,12,23.9,0.093,5735,12,2024
2024-12-13,Pasir Panjang T1-2,30,28,34.1,0.086,19096,12,2024
2024-12-13,Pasir Panjang T3-4,30,26,28.1,0.111,14612,12,2024
2024-12-13,Tuas,38,35,28.7,0.039,20090,12,2024
2024-12-14,Tanjong Pagar,18,17,25.7,0.05,8738,12,2024
2024-12-14,Keppel,24,20,28.6,0.094,11440,12,2024
2024-12-14,Brani,12,9,24.9,0.047,4482,12,2024
2024-12-14,Pasir Panjang T1-2,30,28,34.4,0.077,19264,12,2024
2024-12-14,Pasir Panjang T3-4,30,26,34.2,0.097,17784,12,2024
2024-12-14,Tuas,38,36,32.0,0.045,23040,12,2024
2024-12-15,Tanjong Pagar,18,14,24.1,0.058,6748,12,2024
2024-12-15,Keppel,24,21,31.8,0.035,13356,12,2024
2024-12-15,Brani,12,10,23.0,0.111,4600,12,2024
2024-12-15,Pasir Panjang T1-2,30,28,29.7,0.081,16632,12,2024
2024-12-15,Pasir Panjang T3-4,30,27,27.2,0.046,14688,12,2024
2024-12-15,Tuas,38,38,23.6,0.093,17936,12,2024
2024-12-16,Tanjong Pagar,18,18,25.0,0.024,9000,12,2024
2024-12-16,Keppel,24,22,24.5,0.086,10780,12,2024
2024-12-16,Brani,12,9,31.5,0.022,5670,12,2024
2024-12-16,Pasir Panjang T1-2,30,30,29.1,0.04,17460,12,2024
2024-12-16,Pasir Panjang T3-4,30,30,24.6,0.065,14760,12,2024
2024-12-16,Tuas,38,38,26.4,0.041,20064,12,2024
2024-12-17,Tanjong Pagar,18,15,26.6,0.07,7980,12,2024
2024-12-17,Keppel,24,24,23.1,0.047,11088,12,2024
2024-12-17,Brani,12,12,27.9,0.065,6695,12,2024
2024-12-17,Pasir Panjang T1-2,30,26,24.9,0.038,12948,12,2024
2024-12-17,Pasir Panjang T3-4,30,27,26.8,0.031,14472,12,2024
2024-12-17,Tuas,38,37,26.0,0.078,19240,12,2024
2024-12-18,Tanjong Pagar,18,14,24.9,0.03,6971,12,2024
2024-12-18,Keppel,24,22,27.2,0.107,11968,12,2024
2024-12-18,Brani,12,11,30.2,0.098,6644,12,2024
2024-12-18,Pasir Panjang T1-2,30,27,29.5,0.116,15930,12,2024
2024-12-18,Pasir Panjang T3-4,30,27,23.3,0.047,12582,12,2024
2024-12-18,Tuas,38,35,31.8,0.07,22260,12,2024
2024-12-19,Tanjong Pagar,18,17,32.9,0.096,11186,12,2024
2024-12-19,Keppel,24,23,25.2,0.039,11592,12,2024
2024-12-19,Brani,12,11,30.5,0.099,6710,12,2024
2024-12-19,Pasir Panjang T1-2,30,29,33.6,0.021,19488,12,2024
2024-12-19,Pasir Panjang T3-4,30,27,35.1,0.115,18954,12,2024
2024-12-19,Tuas,38,35,31.4,0.064,21980,12,2024
2024-12-20,Tanjong Pagar,18,16,33.6,0.044,10752,12,2024
2024-12-20,Keppel,24,22,35.0,0.033,15400,12,2024
2024-12-20,Brani,12,12,30.8,0.053,7392,12,2024
2024-12-20,Pasir Panjang T1-2,30,30,23.2,0.083,13920,12,2024
2024-12-20,Pasir Panjang T3-4,30,29,33.1,0.045,19198,12,2024
2024-12-20,Tuas,38,38,32.9,0.092,25004,12,2024
2024-12-21,Tanjong Pagar,18,18,25.2,0.093,9072,12,2024
2024-12-21,Keppel,24,20,34.4,0.066,13760,12,2024
2024-12-21,Brani,12,11,30.8,0.045,6776,12,2024
2024-12-21,Pasir Panjang T1-2,30,29,26.4,0.049,15311,12,2024
2024-12-21,Pasir Panjang T3-4,30,30,26.8,0.102,16080,12,2024
2024-12-21,Tuas,38,38,29.4,0.072,22344,12,2024
2024-12-22,Tanjong Pagar,18,16,24.7,0.021,7904,12,2024
2024-12-22,Keppel,24,22,33.1,0.094,14564,12,2024
2024-12-22,Brani,12,8,29.2,0.038,4672,12,2024
2024-12-22,Pasir Panjang T1-2,30,30,28.6,0.022,17160,12,2024
2024-12-22,Pasir Panjang T3-4,30,30,25.3,0.021,15180,12,2024
2024-12-22,Tuas,38,35,31.4,0.105,21980,12,2024
2024-12-23,Tanjong Pagar,18,18,30.9,0.089,11123,12,2024
2024-12-23,Keppel,24,22,34.3,0.092,15091,12,2024
2024-12-23,Brani,12,8,33.7,0.076,5392,12,2024
2024-12-23,Pasir Panjang T1-2,30,27,34.4,0.089,18576,12,2024
2024-12-23,Pasir Panjang T3-4,30,28,31.4,0.091,17584,12,2024
2024-12-23,Tuas,38,36,24.8,0.093,17856,12,2024
2024-12-24,Tanjong Pagar,18,15,33.0,0.093,9900,12,2024
2024-12-24,Keppel,24,22,23.2,0.075,10208,12,2024
2024-12-24,Brani,12,10,23.5,0.045,4700,12,2024
2024-12-24,Pasir Panjang T1-2,30,27,35.6,0.075,19224,12,2024
2024-12-24,Pasir Panjang T3-4,30,29,23.8,0.107,13804,12,2024
2024-12-24,Tuas,38,37,25.1,0.042,18574,12,2024
2024-12-25,Tanjong Pagar,18,15,32.9,0.074,9870,12,2024
2024-12-25,Keppel,24,21,25.2,0.103,10583,12,2024
2024-12-25,Brani,12,11,23.4,0.036,5148,12,2024
2024-12-25,Pasir Panjang T1-2,30,28,34.2,0.11,19152,12,2024
2024-12-25,Pasir Panjang T3-4,30,29,34.9,0.043,20242,12,2024
2024-12-25,Tuas,38,36,31.6,0.112,22752,12,2024
2024-12-26,Tanjong Pagar,18,14,32.8,0.069,9183,12,2024
2024-12-26,Keppel,24,24,30.9,0.03,14831,12,2024
2024-12-26,Brani,12,8,29.3,0.042,4688,12,2024
2024-12-26,Pasir Panjang T1-2,30,27,26.4,0.071,14256,12,2024
2024-12-26,Pasir Panjang T3-4,30,28,32.4,0.094,18144,12,2024
2024-12-26,Tuas,38,37,29.6,0.059,21904,12,2024
2024-12-27,Tanjong Pagar,18,17,33.8,0.078,11491,12,2024
2024-12-27,Keppel,24,23,29.1,0.043,13386,12,2024
2024-12-27,Brani,12,11,26.9,0.046,5918,12,2024
2024-12-27,Pasir Panjang T1-2,30,29,33.7,0.118,19546,12,2024
2024-12-27,Pasir Panjang T3-4,30,27,32.8,0.033,17712,12,2024
2024-12-27,Tuas,38,35,24.9,0.094,17430,12,2024
2024-12-28,Tanjong Pagar,18,14,35.7,0.053,9996,12,2024
2024-12-28,Keppel,24,20,35.3,0.09,14120,12,2024
2024-12-28,Brani,12,10,33.5,0.046,6700,12,2024
2024-12-28,Pasir Panjang T1-2,30,27,33.2,0.051,17928,12,2024
2024-12-28,Pasir Panjang T3-4,30,29,29.7,0.101,17226,12,2024
2024-12-28,Tuas,38,34,23.9,0.103,16251,12,2024
2024-12-29,Tanjong Pagar,18,17,34.3,0.096,11661,12,2024
2024-12-29,Keppel,24,20,28.0,0.066,11200,12,2024
2024-12-29,Brani,12,8,28.6,0.091,4576,12,2024
2024-12-29,Pasir Panjang T1-2,30,28,35.0,0.107,19600,12,2024
2024-12-29,Pasir Panjang T3-4,30,30,32.1,0.077,19260,12,2024
2024-12-29,Tuas,38,35,35.5,0.114,24850,12,2024
2024-12-30,Tanjong Pagar,18,18,23.6,0.059,8496,12,2024
2024-12-30,Keppel,24,22,23.1,0.106,10164,12,2024
2024-12-30,Brani,12,8,28.9,0.034,4624,12,2024
2024-12-30,Pasir Panjang T1-2,30,28,33.1,0.081,18536,12,2024
2024-12-30,Pasir Panjang T3-4,30,26,34.7,0.026,18044,12,2024
2024-12-30,Tuas,38,36,28.4,0.114,20448,12,2024
2024-12-31,Tanjong Pagar,18,14,33.0,0.023,9240,12,2024
2024-12-31,Keppel,24,24,23.6,0.08,11328,12,2024
2024-12-31,Brani,12,9,35.5,0.067,6390,12,2024
2024-12-31,Pasir Panjang T1-2,30,26,31.7,0.109,16484,12,2024
2024-12-31,Pasir Panjang T3-4,30,26,31.7,0.045,16484,12,2024
2024-12-31,Tuas,38,37,26.1,0.049,19314,12,2024
